player_name,matches_played,innings,total_runs,total_wickets,strike_rate,batting_average,economy,bowling_average,highest_score,highest_score_opponent,best_bowling,best_bowling_opponent,hundreds,fifties,teams_played
"A Ashish Reddy",28,23,280,18,142.86,18.67,9.16,22.22,36,"Chennai Super Kings",3/25,"Royal Challengers Bengaluru",NULL,NULL,"Deccan Chargers
Sunrisers Hyderabad"
"A Badoni",35,35,634,2,125.54,25.36,8.88,18.50,59,"Chennai Super Kings",1/5,"Rajasthan Royals",NULL,4,"Lucknow Super Giants"
"A Chandila",12,2,4,11,57.14,NULL,6.28,22.27,4,"Royal Challengers Bengaluru",4/13,"Pune Warriors",NULL,NULL,"Rajasthan Royals"
"A Chopra",6,6,53,NULL,70.67,10.60,NULL,NULL,24,"Deccan Chargers",NULL,NULL,NULL,NULL,"Kolkata Knight Riders"
"A Choudhary",5,3,25,5,125.00,25.00,8.55,28.80,15,"Gujarat Lions",2/17,"Punjab Kings",NULL,NULL,"Royal Challengers Bengaluru"
"A Dananjaya",1,1,4,NULL,80.00,NULL,11.75,NULL,4,"Delhi Capitals",0/47,"Delhi Capitals",NULL,NULL,"Mumbai Indians"
"A Flintoff",3,3,62,2,108.77,31.00,9.64,53.00,24,"Mumbai Indians",1/11,"Royal Challengers Bengaluru",NULL,NULL,"Chennai Super Kings"
"A Kamboj",3,1,2,2,100.00,NULL,11.50,57.50,2,"Kolkata Knight Riders",1/24,"Kolkata Knight Riders",NULL,NULL,"Mumbai Indians"
"A Kumble",42,15,35,45,71.43,17.50,6.77,24.20,8,"Rajasthan Royals",5/5,"Rajasthan Royals",NULL,NULL,"Royal Challengers Bengaluru"
"A Manohar",15,15,231,NULL,127.62,16.50,NULL,NULL,43,"Rajasthan Royals",NULL,NULL,NULL,NULL,"Gujarat Titans"
"A Mishra",162,55,381,174,86.59,13.61,7.46,24.10,31,"Kolkata Knight Riders",5/17,"Deccan Chargers",NULL,NULL,"Deccan Chargers
Delhi Capitals
Lucknow Super Giants
Sunrisers Hyderabad"
"A Mithun",16,6,34,7,130.77,6.80,9.94,68.14,11,"Chennai Super Kings",2/37,"Delhi Capitals",NULL,NULL,"Royal Challengers Bengaluru"
"A Mukund",2,2,19,NULL,82.61,9.50,NULL,NULL,19,"Rajasthan Royals",NULL,NULL,NULL,NULL,"Chennai Super Kings
Royal Challengers Bengaluru"
"A Nehra",88,17,41,106,65.08,6.83,7.98,23.93,22,"Deccan Chargers",4/10,"Royal Challengers Bengaluru",NULL,NULL,"Chennai Super Kings
Delhi Capitals
Mumbai Indians
Pune Warriors
Sunrisers Hyderabad"
"A Nel",1,NULL,NULL,1,NULL,NULL,10.33,31.00,NULL,NULL,1/31,"Delhi Capitals",NULL,NULL,NULL
"A Nortje",46,13,49,60,96.08,9.80,9.19,26.90,23,"Royal Challengers Bengaluru",3/33,"Kolkata Knight Riders",NULL,NULL,"Delhi Capitals"
"A Raghuvanshi",7,7,163,NULL,149.54,23.29,NULL,NULL,54,"Delhi Capitals",NULL,NULL,NULL,1,"Kolkata Knight Riders"
"A Singh",23,5,2,28,20.00,0.50,8.11,22.82,1,"Chennai Super Kings",4/19,"Royal Challengers Bengaluru",NULL,NULL,"Rajasthan Royals"
"A Symonds",36,36,974,20,124.71,40.58,7.90,34.70,117,"Rajasthan Royals",3/21,"Delhi Capitals",1,5,"Deccan Chargers
Mumbai Indians"
"A Tomar",1,1,4,NULL,50.00,4.00,NULL,NULL,4,"Lucknow Super Giants",NULL,NULL,NULL,NULL,"Kolkata Knight Riders"
"A Uniyal",2,2,4,2,57.14,4.00,11.17,33.50,4,"Delhi Capitals",2/41,"Mumbai Indians",NULL,NULL,"Rajasthan Royals"
"A Zampa",20,5,15,29,60.00,3.00,8.05,19.38,7,"Gujarat Titans",6/19,"Sunrisers Hyderabad",NULL,NULL,"Rajasthan Royals
Rising Pune Supergiant"
"AA Bilakhia",7,7,69,NULL,78.41,13.80,NULL,NULL,22,"Delhi Capitals",NULL,NULL,NULL,NULL,"Deccan Chargers"
"AA Chavan",13,3,12,8,109.09,12.00,8.20,42.38,7,"Delhi Capitals",2/23,"Kolkata Knight Riders",NULL,NULL,"Rajasthan Royals"
"AA Jhunjhunwala",18,15,217,1,99.54,18.08,9.18,130.00,53,"Delhi Capitals",1/13,"Chennai Super Kings",NULL,1,"Deccan Chargers
Pune Warriors
Rajasthan Royals"
"AA Kazi",1,NULL,NULL,NULL,NULL,NULL,10.50,NULL,NULL,NULL,0/21,"Rajasthan Royals",NULL,NULL,NULL
"AA Kulkarni",2,2,9,NULL,112.50,4.50,NULL,NULL,9,"Kolkata Knight Riders",NULL,NULL,NULL,NULL,"Lucknow Super Giants"
"AA Noffke",1,1,9,1,75.00,9.00,10.25,41.00,9,"Kolkata Knight Riders",1/40,"Kolkata Knight Riders",NULL,NULL,"Royal Challengers Bengaluru"
"AB Agarkar",42,18,179,29,111.88,22.38,9.01,40.48,39,"Delhi Capitals",3/25,"Royal Challengers Bengaluru",NULL,NULL,"Delhi Capitals
Kolkata Knight Riders"
"AB Barath",3,3,42,NULL,97.67,21.00,NULL,NULL,33,"Mumbai Indians",NULL,NULL,NULL,NULL,"Punjab Kings"
"AB de Villiers",170,172,5181,NULL,148.58,42.47,NULL,NULL,133,"Mumbai Indians",NULL,NULL,3,41,"Delhi Capitals
Royal Challengers Bengaluru"
"AB Dinda",76,16,26,69,52.00,2.89,8.32,30.48,7,"Delhi Capitals",4/18,"Mumbai Indians",NULL,NULL,"Delhi Capitals
Kolkata Knight Riders
Pune Warriors
Rising Pune Supergiant
Royal Challengers Bengaluru"
"AB McDonald",10,9,123,11,119.42,24.60,8.48,23.91,33,"Mumbai Indians",2/25,"Punjab Kings",NULL,NULL,"Delhi Capitals
Royal Challengers Bengaluru"
"Abdul Basith",1,1,1,NULL,100.00,NULL,NULL,NULL,1,"Royal Challengers Bengaluru",NULL,NULL,NULL,NULL,"Rajasthan Royals"
"Abdul Samad",39,40,579,2,141.91,19.30,12.56,56.50,37,"Royal Challengers Bengaluru",1/9,"Punjab Kings",NULL,NULL,"Sunrisers Hyderabad"
"Abdur Razzak",1,1,0,NULL,0.00,NULL,14.50,NULL,0,"Rajasthan Royals",0/29,"Rajasthan Royals",NULL,NULL,"Royal Challengers Bengaluru"
"Abhishek Sharma",63,61,1377,11,148.86,25.50,8.80,36.00,75,"Lucknow Super Giants",2/4,"Mumbai Indians",NULL,7,"Delhi Capitals
Sunrisers Hyderabad"
"Abishek Porel",16,16,360,NULL,147.54,25.71,NULL,NULL,65,"Rajasthan Royals",NULL,NULL,NULL,2,"Delhi Capitals"
"AC Blizzard",7,7,120,NULL,131.87,17.14,NULL,NULL,51,"Kolkata Knight Riders",NULL,NULL,NULL,1,"Mumbai Indians"
"AC Gilchrist",80,80,2069,1,133.05,27.59,0.00,0.00,109,"Mumbai Indians",1/0,"Mumbai Indians",2,11,"Deccan Chargers
Punjab Kings"
"AC Thomas",15,4,20,14,105.26,10.00,7.92,29.71,12,"Deccan Chargers",3/22,"Delhi Capitals",NULL,NULL,"Pune Warriors"
"AC Voges",8,7,181,NULL,126.57,45.25,8.44,NULL,45,"Punjab Kings",0/5,"Kolkata Knight Riders",NULL,NULL,"Rajasthan Royals"
"AD Hales",6,6,148,NULL,124.37,24.67,NULL,NULL,45,"Delhi Capitals",NULL,NULL,NULL,NULL,"Sunrisers Hyderabad"
"AD Mascarenhas",13,11,79,19,100.00,8.78,7.11,19.21,27,"Kolkata Knight Riders",5/25,"Pune Warriors",NULL,NULL,"Punjab Kings
Rajasthan Royals"
"AD Mathews",46,41,724,27,120.87,25.86,8.31,40.56,65,"Deccan Chargers",4/19,"Royal Challengers Bengaluru",NULL,1,"Delhi Capitals
Kolkata Knight Riders
Pune Warriors"
"AD Nath",10,10,90,NULL,90.91,9.00,NULL,NULL,24,"Chennai Super Kings",NULL,NULL,NULL,NULL,"Gujarat Lions
Punjab Kings
Royal Challengers Bengaluru"
"AD Russell",123,105,2488,115,164.22,30.34,9.51,23.40,88,"Chennai Super Kings",5/15,"Mumbai Indians",NULL,11,"Delhi Capitals
Kolkata Knight Riders"
"AF Milne",10,6,23,7,74.19,5.75,9.83,48.43,15,"Chennai Super Kings",2/21,"Chennai Super Kings",NULL,NULL,"Mumbai Indians
Royal Challengers Bengaluru"
"AG Murtaza",12,3,10,9,71.43,10.00,7.32,35.78,5,"Royal Challengers Bengaluru",3/15,"Delhi Capitals",NULL,NULL,"Mumbai Indians
Pune Warriors"
"AG Paunikar",5,5,49,NULL,80.33,9.80,NULL,NULL,20,"Deccan Chargers",NULL,NULL,NULL,NULL,"Rajasthan Royals"
"AJ Finch",90,91,2092,1,123.35,25.51,9.35,67.00,88,"Delhi Capitals",1/11,"Mumbai Indians",NULL,15,"Delhi Capitals
Gujarat Lions
Kolkata Knight Riders
Mumbai Indians
Pune Warriors
Punjab Kings
Rajasthan Royals
Royal Challengers Bengaluru
Sunrisers Hyderabad"
"AJ Hosein",1,1,16,1,145.45,NULL,10.25,41.00,16,"Delhi Capitals",1/40,"Delhi Capitals",NULL,NULL,"Sunrisers Hyderabad"
"AJ Turner",6,6,24,NULL,77.42,4.80,NULL,NULL,16,"Kolkata Knight Riders",NULL,NULL,NULL,NULL,"Lucknow Super Giants
Rajasthan Royals"
"AJ Tye",30,13,91,42,115.19,11.38,8.80,23.93,25,"Mumbai Indians",5/17,"Rising Pune Supergiant",NULL,NULL,"Gujarat Lions
Punjab Kings
Rajasthan Royals"
"AK Markram",43,42,995,2,126.43,30.15,8.58,86.50,68,"Kolkata Knight Riders",1/8,"Chennai Super Kings",NULL,5,"Punjab Kings
Sunrisers Hyderabad"
"Akash Deep",8,3,19,7,158.33,9.50,11.85,46.29,17,"Kolkata Knight Riders",3/45,"Kolkata Knight Riders",NULL,NULL,"Royal Challengers Bengaluru"
"Akash Madhwal",13,1,4,19,80.00,NULL,9.87,22.68,4,"Rajasthan Royals",5/5,"Lucknow Super Giants",NULL,NULL,"Mumbai Indians"
"Akash Singh",7,NULL,NULL,5,NULL,NULL,9.87,45.40,NULL,NULL,2/40,"Rajasthan Royals",NULL,NULL,NULL
"AL Menaria",25,23,401,3,109.26,19.10,7.85,48.00,40,"Kolkata Knight Riders",2/20,"Mumbai Indians",NULL,NULL,"Rajasthan Royals"
"AM Nayar",51,50,672,9,114.29,18.67,8.46,35.89,45,"Chennai Super Kings",3/13,"Kolkata Knight Riders",NULL,NULL,"Mumbai Indians
Pune Warriors
Punjab Kings
Rajasthan Royals"
"AM Rahane",171,171,4642,1,120.32,31.15,5.00,5.00,105,"Delhi Capitals",1/5,"Punjab Kings",2,30,"Chennai Super Kings
Delhi Capitals
Kolkata Knight Riders
Mumbai Indians
Rajasthan Royals
Rising Pune Supergiant"
"AM Salvi",7,NULL,NULL,7,NULL,NULL,8.20,29.29,NULL,NULL,2/19,"Rajasthan Royals",NULL,NULL,NULL
"Aman Hakim Khan",10,10,115,NULL,105.50,12.78,13.00,NULL,51,"Gujarat Titans",0/13,"Sunrisers Hyderabad",NULL,1,"Delhi Capitals
Kolkata Knight Riders"
"AN Ahmed",17,6,36,12,133.33,36.00,8.98,42.92,18,"Royal Challengers Bengaluru",2/13,"Pune Warriors",NULL,NULL,"Mumbai Indians
Royal Challengers Bengaluru"
"AN Ghosh",2,2,7,NULL,87.50,3.50,NULL,NULL,7,"Royal Challengers Bengaluru",NULL,NULL,NULL,NULL,"Kolkata Knight Riders"
"Anand Rajan",8,NULL,NULL,8,NULL,NULL,8.30,25.75,NULL,NULL,3/27,"Mumbai Indians",NULL,NULL,NULL
"Anirudh Singh",4,4,63,NULL,91.30,15.75,NULL,NULL,40,"Royal Challengers Bengaluru",NULL,NULL,NULL,NULL,"Deccan Chargers"
"Ankit Sharma",21,10,87,12,126.09,12.43,7.41,37.75,30,"Chennai Super Kings",2/20,"Chennai Super Kings",NULL,NULL,"Deccan Chargers
Rajasthan Royals
Rising Pune Supergiant"
"Ankit Soni",6,3,7,2,77.78,3.50,7.98,72.50,7,"Mumbai Indians",1/16,"Mumbai Indians",NULL,NULL,"Gujarat Lions"
"Anmolpreet Singh",9,9,139,NULL,118.80,15.44,NULL,NULL,36,"Lucknow Super Giants",NULL,NULL,NULL,NULL,"Mumbai Indians
Sunrisers Hyderabad"
"Anuj Rawat",21,21,318,NULL,115.22,22.71,NULL,NULL,66,"Mumbai Indians",NULL,NULL,NULL,1,"Rajasthan Royals
Royal Challengers Bengaluru"
"Anureet Singh",22,8,36,18,76.60,9.00,9.26,35.33,15,"Sunrisers Hyderabad",3/23,"Rajasthan Royals",NULL,NULL,"Punjab Kings
Rajasthan Royals"
"AP Dole",3,2,34,5,147.83,17.00,10.36,22.80,30,"Mumbai Indians",2/36,"Punjab Kings",NULL,NULL,"Rajasthan Royals"
"AP Majumdar",4,4,87,NULL,112.99,21.75,NULL,NULL,31,"Royal Challengers Bengaluru",NULL,NULL,NULL,NULL,"Pune Warriors"
"AP Tare",27,27,339,NULL,118.95,14.13,NULL,NULL,59,"Rajasthan Royals",NULL,NULL,NULL,1,"Delhi Capitals
Mumbai Indians
Sunrisers Hyderabad"
"AR Bawne",1,1,12,NULL,100.00,NULL,NULL,NULL,12,"Kolkata Knight Riders",NULL,NULL,NULL,NULL,"Delhi Capitals"
"AR Patel",150,112,1653,123,125.42,22.34,7.39,31.09,66,"Gujarat Titans",4/21,"Gujarat Lions",NULL,3,"Delhi Capitals
Punjab Kings"
"Arjun Tendulkar",5,1,13,3,144.44,13.00,9.62,39.00,13,"Gujarat Titans",1/9,"Gujarat Titans",NULL,NULL,"Mumbai Indians"
"Arshad Khan",9,6,96,6,143.28,32.00,12.63,47.00,58,"Delhi Capitals",3/39,"Rajasthan Royals",NULL,1,"Lucknow Super Giants
Mumbai Indians"
"Arshad Khan (2)",1,1,5,NULL,125.00,5.00,12.50,NULL,5,"Kolkata Knight Riders",0/24,"Kolkata Knight Riders",NULL,NULL,"Lucknow Super Giants"
"Arshdeep Singh",65,11,29,76,69.05,5.80,9.22,27.59,10,"Gujarat Titans",5/32,"Rajasthan Royals",NULL,NULL,"Punjab Kings"
"AS Joseph",22,5,27,21,84.38,27.00,9.77,33.67,15,"Punjab Kings",6/12,"Sunrisers Hyderabad",NULL,NULL,"Gujarat Titans
Mumbai Indians"
"AS Rajpoot",29,7,26,24,63.41,6.50,9.55,35.17,8,"Sunrisers Hyderabad",5/14,"Sunrisers Hyderabad",NULL,NULL,"Chennai Super Kings
Kolkata Knight Riders
Punjab Kings
Rajasthan Royals"
"AS Raut",17,16,194,NULL,112.79,21.56,9.00,NULL,36,"Deccan Chargers",0/6,"Royal Challengers Bengaluru",NULL,NULL,"Rajasthan Royals"
"AS Roy",10,6,26,5,108.33,8.67,8.43,38.20,13,"Sunrisers Hyderabad",2/19,"Delhi Capitals",NULL,NULL,"Kolkata Knight Riders"
"AS Yadav",6,6,49,NULL,122.50,9.80,NULL,NULL,16,"Rajasthan Royals",NULL,NULL,NULL,NULL,"Deccan Chargers"
"Ashutosh Sharma",9,9,189,NULL,160.17,27.00,NULL,NULL,61,"Mumbai Indians",NULL,NULL,NULL,1,"Punjab Kings"
"AT Carey",3,3,32,NULL,110.34,16.00,NULL,NULL,14,"Mumbai Indians",NULL,NULL,NULL,NULL,"Delhi Capitals"
"AT Rayudu",185,185,4348,NULL,124.58,29.38,NULL,NULL,100,"Sunrisers Hyderabad",NULL,NULL,1,22,"Chennai Super Kings
Mumbai Indians"
"Atharva Taide",9,9,247,NULL,139.55,30.88,24.00,NULL,66,"Lucknow Super Giants",0/4,"Sunrisers Hyderabad",NULL,2,"Punjab Kings"
"AU Rashid",3,2,22,2,129.41,11.00,9.10,45.50,18,"Rajasthan Royals",2/23,"Lucknow Super Giants",NULL,NULL,"Sunrisers Hyderabad"
"AUK Pathan",7,7,39,NULL,150.00,7.80,9.69,NULL,14,"Chennai Super Kings",0/14,"Punjab Kings",NULL,NULL,"Royal Challengers Bengaluru"
"Avesh Khan",62,9,41,74,164.00,41.00,9.03,27.16,12,"Gujarat Titans",4/24,"Sunrisers Hyderabad",NULL,NULL,"Delhi Capitals
Lucknow Super Giants
Rajasthan Royals"
"Azhar Mahmood",23,21,388,29,124.76,20.42,7.90,24.38,80,"Mumbai Indians",3/20,"Royal Challengers Bengaluru",NULL,2,"Kolkata Knight Riders
Punjab Kings"
"Azmatullah Omarzai",7,4,42,4,123.53,10.50,9.24,48.50,17,"Mumbai Indians",2/27,"Mumbai Indians",NULL,NULL,"Gujarat Titans"
"B Akhil",15,11,76,6,133.33,15.20,7.85,41.00,27,"Deccan Chargers",2/17,"Mumbai Indians",NULL,NULL,"Kochi Tuskers Kerala
Royal Challengers Bengaluru"
"B Chipli",21,21,280,NULL,109.38,18.67,20.00,NULL,61,"Royal Challengers Bengaluru",0/20,"Delhi Capitals",NULL,1,"Deccan Chargers
Delhi Capitals
Royal Challengers Bengaluru"
"B Geeves",2,NULL,NULL,1,NULL,NULL,11.38,91.00,NULL,NULL,1/50,"Mumbai Indians",NULL,NULL,NULL
"B Indrajith",3,3,21,NULL,67.74,7.00,NULL,NULL,15,"Rajasthan Royals",NULL,NULL,NULL,NULL,"Kolkata Knight Riders"
"B Kumar",176,65,306,181,90.53,9.56,7.75,27.91,27,"Gujarat Titans",5/19,"Punjab Kings",NULL,NULL,"Pune Warriors
Sunrisers Hyderabad"
"B Laughlin",9,4,5,10,38.46,2.50,10.14,28.40,4,"Mumbai Indians",2/15,"Royal Challengers Bengaluru",NULL,NULL,"Chennai Super Kings
Rajasthan Royals"
"B Lee",38,19,124,25,121.57,13.78,7.72,45.04,25,"Rajasthan Royals",3/15,"Delhi Capitals",NULL,NULL,"Kolkata Knight Riders
Punjab Kings"
"B Sai Sudharsan",25,25,1034,NULL,134.29,49.24,NULL,NULL,103,"Chennai Super Kings",NULL,NULL,1,6,"Gujarat Titans"
"B Stanlake",6,1,5,7,250.00,NULL,8.33,28.57,5,"Mumbai Indians",2/21,"Kolkata Knight Riders",NULL,NULL,"Sunrisers Hyderabad"
"B Sumanth",4,4,35,NULL,92.11,35.00,NULL,NULL,16,"Chennai Super Kings",NULL,NULL,NULL,NULL,"Deccan Chargers"
"BA Bhatt",15,2,6,12,85.71,NULL,8.27,34.00,6,"Kolkata Knight Riders",4/22,"Mumbai Indians",NULL,NULL,"Punjab Kings"
"BA Stokes",45,43,935,28,130.22,24.61,8.91,36.54,107,"Mumbai Indians",3/15,"Kolkata Knight Riders",2,2,"Chennai Super Kings
Rajasthan Royals
Rising Pune Supergiant"
"Basil Thampi",25,7,32,22,86.49,32.00,9.93,39.18,13,"Sunrisers Hyderabad",3/29,"Mumbai Indians",NULL,NULL,"Gujarat Lions
Sunrisers Hyderabad"
"BAW Mendis",10,3,3,8,50.00,1.50,7.52,38.25,2,"Royal Challengers Bengaluru",2/22,"Delhi Capitals",NULL,NULL,"Kolkata Knight Riders
Pune Warriors"
"BB McCullum",109,111,2882,NULL,126.85,28.25,NULL,NULL,158,"Royal Challengers Bengaluru",NULL,NULL,2,13,"Chennai Super Kings
Gujarat Lions
Kochi Tuskers Kerala
Kolkata Knight Riders
Royal Challengers Bengaluru"
"BB Samantray",8,8,125,NULL,107.76,25.00,NULL,NULL,55,"Rajasthan Royals",NULL,NULL,NULL,1,"Deccan Chargers
Sunrisers Hyderabad"
"BB Sran",24,7,10,18,71.43,10.00,9.53,42.61,3,"Kolkata Knight Riders",3/28,"Mumbai Indians",NULL,NULL,"Mumbai Indians
Punjab Kings
Sunrisers Hyderabad"
"BCJ Cutting",21,17,238,10,163.01,23.80,9.18,43.00,39,"Royal Challengers Bengaluru",2/20,"Gujarat Lions",NULL,NULL,"Mumbai Indians
Rajasthan Royals
Sunrisers Hyderabad"
"BE Hendricks",7,2,1,9,33.33,1.00,9.56,26.56,1,"Chennai Super Kings",3/36,"Delhi Capitals",NULL,NULL,"Punjab Kings"
"Bipul Sharma",29,17,187,17,150.81,31.17,8.18,34.18,35,"Pune Warriors",2/13,"Punjab Kings",NULL,NULL,"Punjab Kings
Sunrisers Hyderabad"
"BJ Haddin",1,1,18,NULL,163.64,18.00,NULL,NULL,18,"Royal Challengers Bengaluru",NULL,NULL,NULL,NULL,"Kolkata Knight Riders"
"BJ Hodge",63,63,1400,17,121.42,34.15,7.95,18.24,73,"Mumbai Indians",4/13,"Rajasthan Royals",NULL,6,"Kochi Tuskers Kerala
Kolkata Knight Riders
Rajasthan Royals"
"BJ Rohrer",8,9,193,NULL,132.19,27.57,12.00,NULL,64,"Rajasthan Royals",0/12,"Rajasthan Royals",NULL,1,"Delhi Capitals"
"BMAJ Mendis",3,3,23,1,85.19,7.67,7.20,36.00,12,"Chennai Super Kings",1/16,"Sunrisers Hyderabad",NULL,NULL,"Delhi Capitals"
"BR Dunk",3,3,40,NULL,111.11,13.33,NULL,NULL,20,"Sunrisers Hyderabad",NULL,NULL,NULL,NULL,"Mumbai Indians"
"BR Sharath",1,1,2,NULL,40.00,2.00,NULL,NULL,2,"Lucknow Super Giants",NULL,NULL,NULL,NULL,"Gujarat Titans"
"BW Hilfenhaus",17,NULL,NULL,22,NULL,NULL,8.02,22.59,NULL,NULL,3/27,"Delhi Capitals",NULL,NULL,NULL
"C de Grandhomme",25,21,303,6,132.31,21.64,8.97,53.83,40,"Sunrisers Hyderabad",3/4,"Royal Challengers Bengaluru",NULL,NULL,"Kolkata Knight Riders
Royal Challengers Bengaluru"
"C Ganapathy",1,NULL,NULL,NULL,NULL,NULL,13.00,NULL,NULL,NULL,0/13,"Royal Challengers Bengaluru",NULL,NULL,NULL
"C Green",29,28,707,16,149.79,41.59,9.23,42.19,100,"Sunrisers Hyderabad",2/12,"Sunrisers Hyderabad",1,2,"Mumbai Indians
Royal Challengers Bengaluru"
"C Madan",1,1,15,NULL,71.43,15.00,NULL,NULL,15,"Delhi Capitals",NULL,NULL,NULL,NULL,"Mumbai Indians"
"C Munro",12,11,177,NULL,122.92,19.67,7.50,NULL,40,"Sunrisers Hyderabad",0/7,"Delhi Capitals",NULL,NULL,"Delhi Capitals
Kolkata Knight Riders"
"C Nanda",3,1,0,2,0.00,0.00,7.25,29.00,0,"Rajasthan Royals",1/4,"Rajasthan Royals",NULL,NULL,"Mumbai Indians"
"C Sakariya",19,7,20,20,64.52,4.00,8.59,30.50,7,"Punjab Kings",3/31,"Punjab Kings",NULL,NULL,"Delhi Capitals
Rajasthan Royals"
"CA Ingram",15,15,205,NULL,112.02,17.08,NULL,NULL,47,"Mumbai Indians",NULL,NULL,NULL,NULL,"Delhi Capitals"
"CA Lynn",42,42,1329,NULL,136.45,34.97,NULL,NULL,93,"Gujarat Lions",NULL,NULL,NULL,10,"Deccan Chargers
Kolkata Knight Riders
Mumbai Indians"
"CA Pujara",22,22,390,NULL,96.77,21.67,NULL,NULL,51,"Punjab Kings",NULL,NULL,NULL,1,"Kolkata Knight Riders
Punjab Kings
Royal Challengers Bengaluru"
"CH Gayle",141,145,4997,18,142.12,39.98,8.18,41.94,175,"Pune Warriors",3/21,"Punjab Kings",6,32,"Kolkata Knight Riders
Punjab Kings
Royal Challengers Bengaluru"
"CH Morris",81,49,618,96,149.64,22.07,8.26,24.76,82,"Gujarat Lions",4/23,"Kolkata Knight Riders",NULL,2,"Chennai Super Kings
Delhi Capitals
Rajasthan Royals
Royal Challengers Bengaluru"
"CJ Anderson",30,29,538,11,123.39,24.45,10.61,47.73,95,"Rajasthan Royals",2/18,"Sunrisers Hyderabad",NULL,3,"Delhi Capitals
Mumbai Indians
Royal Challengers Bengaluru"
"CJ Dala",1,NULL,NULL,NULL,NULL,NULL,11.33,NULL,NULL,NULL,0/34,"Royal Challengers Bengaluru",NULL,NULL,NULL
"CJ Ferguson",8,8,98,NULL,82.35,16.33,NULL,NULL,23,"Rajasthan Royals",NULL,NULL,NULL,NULL,"Pune Warriors"
"CJ Green",1,NULL,NULL,NULL,NULL,NULL,8.47,NULL,NULL,NULL,0/24,"Mumbai Indians",NULL,NULL,NULL
"CJ Jordan",34,12,81,30,100.00,9.00,9.89,37.03,30,"Kolkata Knight Riders",4/11,"Gujarat Lions",NULL,NULL,"Chennai Super Kings
Mumbai Indians
Punjab Kings
Royal Challengers Bengaluru
Sunrisers Hyderabad"
"CJ McKay",2,1,8,1,53.33,8.00,8.57,60.00,8,"Delhi Capitals",1/36,"Punjab Kings",NULL,NULL,"Mumbai Indians"
"CK Kapugedera",4,3,16,NULL,66.67,5.33,17.29,NULL,8,"Delhi Capitals",0/8,"Punjab Kings",NULL,NULL,"Chennai Super Kings"
"CK Langeveldt",7,2,8,13,88.89,4.00,7.65,15.31,8,"Punjab Kings",3/15,"Rajasthan Royals",NULL,NULL,"Kolkata Knight Riders
Royal Challengers Bengaluru"
"CL White",45,46,971,1,125.45,28.56,12.29,86.00,78,"Pune Warriors",1/14,"Royal Challengers Bengaluru",NULL,6,"Deccan Chargers
Royal Challengers Bengaluru
Sunrisers Hyderabad"
"CM Gautam",13,13,169,NULL,106.96,18.78,NULL,NULL,33,"Punjab Kings",NULL,NULL,NULL,NULL,"Delhi Capitals
Mumbai Indians"
"CR Brathwaite",16,14,181,13,150.83,13.92,9.07,29.54,43,"Chennai Super Kings",3/47,"Kolkata Knight Riders",NULL,NULL,"Delhi Capitals
Kolkata Knight Riders
Sunrisers Hyderabad"
"CR Woakes",21,12,78,30,101.30,15.60,9.19,22.47,18,"Royal Challengers Bengaluru",3/6,"Royal Challengers Bengaluru",NULL,NULL,"Delhi Capitals
Kolkata Knight Riders
Royal Challengers Bengaluru"
"CRD Fernando",10,2,4,17,133.33,NULL,7.85,18.00,2,"Punjab Kings",4/18,"Royal Challengers Bengaluru",NULL,NULL,"Mumbai Indians"
"CV Varun",70,10,25,83,51.02,12.50,7.71,24.60,10,"Royal Challengers Bengaluru",5/20,"Delhi Capitals",NULL,NULL,"Kolkata Knight Riders"
"D Brevis",10,10,230,1,130.68,23.00,16.00,8.00,49,"Punjab Kings",1/8,"Royal Challengers Bengaluru",NULL,NULL,"Mumbai Indians"
"D du Preez",2,1,10,4,76.92,10.00,8.00,14.00,10,"Rajasthan Royals",3/32,"Mumbai Indians",NULL,NULL,"Royal Challengers Bengaluru"
"D Ferreira",2,2,8,NULL,72.73,4.00,NULL,NULL,7,"Punjab Kings",NULL,NULL,NULL,NULL,"Rajasthan Royals"
"D Jansen",1,NULL,NULL,1,NULL,NULL,13.25,53.00,NULL,NULL,1/53,"Kolkata Knight Riders",NULL,NULL,NULL
"D Kalyankrishna",3,1,3,2,37.50,3.00,11.00,44.00,3,"Punjab Kings",1/30,"Rajasthan Royals",NULL,NULL,"Deccan Chargers"
"D Padikkal",64,64,1559,NULL,117.84,25.56,NULL,NULL,101,"Rajasthan Royals",NULL,NULL,1,9,"Lucknow Super Giants
Rajasthan Royals
Royal Challengers Bengaluru"
"D Pretorius",7,5,44,6,157.14,11.00,9.68,40.33,22,"Mumbai Indians",2/30,"Punjab Kings",NULL,NULL,"Chennai Super Kings"
"D Salunkhe",5,3,33,1,137.50,33.00,10.21,80.00,26,"Delhi Capitals",1/21,"Punjab Kings",NULL,NULL,"Rajasthan Royals"
"D Wiese",18,11,148,16,140.95,29.60,9.06,27.94,47,"Mumbai Indians",4/33,"Mumbai Indians",NULL,NULL,"Kolkata Knight Riders
Royal Challengers Bengaluru"
"DA Miller",123,124,2924,NULL,134.68,37.01,NULL,NULL,101,"Royal Challengers Bengaluru",NULL,NULL,1,13,"Gujarat Titans
Punjab Kings
Rajasthan Royals"
"DA Warner",184,187,6567,NULL,135.43,41.56,12.00,NULL,126,"Kolkata Knight Riders",0/2,"Delhi Capitals",4,62,"Delhi Capitals
Sunrisers Hyderabad"
"DAJ Bracewell",1,1,12,3,133.33,NULL,8.00,10.67,12,"Royal Challengers Bengaluru",3/32,"Royal Challengers Bengaluru",NULL,NULL,"Delhi Capitals"
"DB Das",22,22,304,NULL,113.86,25.33,NULL,NULL,35,"Punjab Kings",NULL,NULL,NULL,NULL,"Kolkata Knight Riders"
"DB Ravi Teja",25,25,375,1,115.38,19.74,9.33,28.00,60,"Punjab Kings",1/19,"Royal Challengers Bengaluru",NULL,1,"Deccan Chargers
Sunrisers Hyderabad"
"DE Bollinger",27,4,21,37,91.30,21.00,7.46,19.35,16,"Delhi Capitals",4/13,"Deccan Chargers",NULL,NULL,"Chennai Super Kings"
"DG Nalkande",6,2,12,6,100.00,6.00,10.71,25.00,12,"Lucknow Super Giants",2/21,"Lucknow Super Giants",NULL,NULL,"Gujarat Titans"
"DH Yagnik",17,17,170,NULL,119.72,18.89,NULL,NULL,34,"Mumbai Indians",NULL,NULL,NULL,NULL,"Rajasthan Royals"
"Dhruv Jurel",22,22,347,NULL,146.41,26.69,NULL,NULL,56,"Sunrisers Hyderabad",NULL,NULL,NULL,2,"Rajasthan Royals"
"DJ Bravo",160,110,1560,183,125.10,22.94,8.53,24.24,70,"Punjab Kings",4/22,"Punjab Kings",NULL,5,"Chennai Super Kings
Gujarat Lions
Mumbai Indians"
"DJ Harris",4,4,111,NULL,107.77,37.00,8.67,NULL,47,"Royal Challengers Bengaluru",0/11,"Chennai Super Kings",NULL,NULL,"Deccan Chargers"
"DJ Hooda",101,97,1466,10,125.30,19.81,8.61,53.50,64,"Rajasthan Royals",2/16,"Kolkata Knight Riders",NULL,8,"Lucknow Super Giants
Punjab Kings
Rajasthan Royals
Sunrisers Hyderabad"
"DJ Hussey",61,61,1322,8,120.07,28.74,9.18,60.63,71,"Punjab Kings",2/2,"Deccan Chargers",NULL,5,"Chennai Super Kings
Kolkata Knight Riders
Punjab Kings"
"DJ Jacobs",7,7,92,NULL,91.09,13.14,NULL,NULL,32,"Deccan Chargers",NULL,NULL,NULL,NULL,"Mumbai Indians"
"DJ Malan",1,1,26,NULL,100.00,26.00,NULL,NULL,26,"Delhi Capitals",NULL,NULL,NULL,NULL,"Punjab Kings"
"DJ Mitchell",15,15,351,1,128.10,27.00,12.13,97.00,63,"Gujarat Titans",1/18,"Gujarat Titans",NULL,2,"Chennai Super Kings
Rajasthan Royals"
"DJ Muthuswami",6,1,1,4,33.33,1.00,7.71,27.00,1,"Royal Challengers Bengaluru",2/18,"Kolkata Knight Riders",NULL,NULL,"Delhi Capitals"
"DJ Thornely",5,4,39,3,72.22,13.00,5.71,13.33,30,"Delhi Capitals",2/7,"Kolkata Knight Riders",NULL,NULL,"Mumbai Indians"
"DJ Willey",11,5,53,6,82.81,26.50,7.69,46.17,20,"Kolkata Knight Riders",2/16,"Kolkata Knight Riders",NULL,NULL,"Royal Challengers Bengaluru"
"DJG Sammy",22,20,295,11,117.53,19.67,9.00,32.18,60,"Rajasthan Royals",4/22,"Punjab Kings",NULL,1,"Royal Challengers Bengaluru
Sunrisers Hyderabad"
"DJM Short",7,7,115,1,112.75,16.43,7.67,23.00,44,"Delhi Capitals",1/10,"Royal Challengers Bengaluru",NULL,NULL,"Rajasthan Royals"
"DL Chahar",81,12,80,77,131.15,11.43,8.06,29.13,39,"Punjab Kings",4/13,"Punjab Kings",NULL,NULL,"Chennai Super Kings
Rising Pune Supergiant"
"DL Vettori",34,16,121,28,102.54,17.29,6.90,31.93,29,"Rajasthan Royals",3/15,"Punjab Kings",NULL,NULL,"Delhi Capitals
Royal Challengers Bengaluru"
"DM Bravo",1,1,6,NULL,120.00,NULL,NULL,NULL,6,"Rising Pune Supergiant",NULL,NULL,NULL,NULL,"Kolkata Knight Riders"
"DNT Zoysa",3,2,11,2,122.22,11.00,9.09,50.00,10,"Mumbai Indians",1/30,"Mumbai Indians",NULL,NULL,"Deccan Chargers"
"DP Conway",22,22,924,NULL,138.12,48.63,NULL,NULL,92,"Punjab Kings",NULL,NULL,NULL,9,"Chennai Super Kings"
"DP Nannes",29,2,4,28,30.77,4.00,7.57,29.11,3,"Mumbai Indians",3/27,"Mumbai Indians",NULL,NULL,"Delhi Capitals"
"DP Vijaykumar",9,1,1,4,100.00,NULL,8.09,51.25,1,"Delhi Capitals",1/17,"Chennai Super Kings",NULL,NULL,"Deccan Chargers"
"DPMD Jayawardene",78,79,1808,NULL,118.79,30.64,NULL,NULL,110,"Kolkata Knight Riders",NULL,NULL,1,10,"Delhi Capitals
Kochi Tuskers Kerala
Punjab Kings"
"DR Martyn",1,1,19,NULL,73.08,19.00,NULL,NULL,19,"Royal Challengers Bengaluru",NULL,NULL,NULL,NULL,"Rajasthan Royals"
"DR Sams",16,13,44,14,91.67,4.89,8.80,37.71,15,"Sunrisers Hyderabad",4/30,"Chennai Super Kings",NULL,NULL,"Delhi Capitals
Mumbai Indians
Royal Challengers Bengaluru"
"DR Shorey",2,2,13,NULL,65.00,6.50,NULL,NULL,8,"Royal Challengers Bengaluru",NULL,NULL,NULL,NULL,"Chennai Super Kings"
"DR Smith",91,88,2385,26,132.28,29.81,9.18,31.73,87,"Rajasthan Royals",4/8,"Kolkata Knight Riders",NULL,17,"Chennai Super Kings
Deccan Chargers
Gujarat Lions
Mumbai Indians"
"DS Kulkarni",92,20,104,86,92.04,13.00,8.44,29.22,28,"Chennai Super Kings",4/14,"Royal Challengers Bengaluru",NULL,NULL,"Gujarat Lions
Mumbai Indians
Rajasthan Royals"
"DS Lehmann",2,2,18,NULL,94.74,9.00,NULL,NULL,17,"Punjab Kings",NULL,NULL,NULL,NULL,"Rajasthan Royals"
"DT Christian",49,41,460,38,112.75,17.04,8.28,32.05,39,"Mumbai Indians",2/10,"Punjab Kings",NULL,NULL,"Deccan Chargers
Delhi Capitals
Rising Pune Supergiant
Royal Challengers Bengaluru"
"DT Patil",2,2,13,NULL,100.00,13.00,NULL,NULL,9,"Rajasthan Royals",NULL,NULL,NULL,NULL,"Royal Challengers Bengaluru"
"DW Steyn",95,33,167,97,102.45,8.35,7.10,26.63,19,"Mumbai Indians",3/8,"Royal Challengers Bengaluru",NULL,NULL,"Deccan Chargers
Gujarat Lions
Royal Challengers Bengaluru
Sunrisers Hyderabad"
"E Lewis",26,26,654,NULL,131.06,27.25,NULL,NULL,65,"Royal Challengers Bengaluru",NULL,NULL,NULL,4,"Lucknow Super Giants
Mumbai Indians
Rajasthan Royals"
"EJG Morgan",74,75,1406,NULL,119.05,23.83,NULL,NULL,68,"Rajasthan Royals",NULL,NULL,NULL,5,"Kolkata Knight Riders
Punjab Kings
Royal Challengers Bengaluru
Sunrisers Hyderabad"
"ER Dwivedi",2,2,24,NULL,160.00,12.00,NULL,NULL,19,"Royal Challengers Bengaluru",NULL,NULL,NULL,NULL,"Gujarat Lions"
"F Behardien",3,3,14,NULL,107.69,7.00,NULL,NULL,9,"Royal Challengers Bengaluru",NULL,NULL,NULL,NULL,"Punjab Kings"
"F du Plessis",138,138,4571,NULL,133.07,38.41,16.00,NULL,96,"Punjab Kings",0/16,"Deccan Chargers",NULL,37,"Chennai Super Kings
Rising Pune Supergiant
Royal Challengers Bengaluru"
"FA Allen",5,3,14,2,73.68,7.00,9.07,68.00,8,"Lucknow Super Giants",1/22,"Sunrisers Hyderabad",NULL,NULL,"Mumbai Indians
Punjab Kings"
"Fazalhaq Farooqi",7,2,3,6,23.08,NULL,9.04,38.17,2,"Royal Challengers Bengaluru",2/32,"Punjab Kings",NULL,NULL,"Sunrisers Hyderabad"
"FH Edwards",6,2,4,5,80.00,4.00,6.86,32.00,3,"Royal Challengers Bengaluru",2/27,"Mumbai Indians",NULL,NULL,"Deccan Chargers"
"FY Fazal",12,11,183,NULL,102.23,20.33,10.00,NULL,45,"Punjab Kings",0/6,"Punjab Kings",NULL,NULL,"Rajasthan Royals"
"G Coetzee",10,5,14,13,63.64,3.50,10.66,27.46,8,"Kolkata Knight Riders",4/34,"Delhi Capitals",NULL,NULL,"Mumbai Indians"
"G Gambhir",151,151,4217,NULL,119.67,32.95,NULL,NULL,93,"Royal Challengers Bengaluru",NULL,NULL,NULL,36,"Delhi Capitals
Kolkata Knight Riders"
"Gagandeep Singh",4,NULL,NULL,3,NULL,NULL,10.14,47.33,NULL,NULL,1/33,"Deccan Chargers",NULL,NULL,NULL
"GB Hogg",21,4,22,23,100.00,11.00,7.66,25.43,13,"Royal Challengers Bengaluru",4/29,"Chennai Super Kings",NULL,NULL,"Kolkata Knight Riders
Rajasthan Royals"
"GC Smith",29,29,739,NULL,106.95,28.42,NULL,NULL,91,"Chennai Super Kings",NULL,NULL,NULL,4,"Pune Warriors
Rajasthan Royals"
"GC Viljoen",6,3,3,7,42.86,1.50,9.96,32.71,2,"Delhi Capitals",2/39,"Delhi Capitals",NULL,NULL,"Punjab Kings"
"GD McGrath",14,2,4,12,80.00,4.00,6.78,30.50,4,"Rajasthan Royals",4/29,"Royal Challengers Bengaluru",NULL,NULL,"Delhi Capitals"
"GD Phillips",8,8,65,2,118.18,9.29,8.00,20.00,25,"Rajasthan Royals",1/10,"Lucknow Super Giants",NULL,NULL,"Rajasthan Royals
Sunrisers Hyderabad"
"GH Vihari",23,23,284,1,85.80,14.95,6.86,48.00,46,"Punjab Kings",1/5,"Royal Challengers Bengaluru",NULL,NULL,"Delhi Capitals
Sunrisers Hyderabad"
"GHS Garton",5,2,2,3,50.00,2.00,9.07,45.33,2,"Sunrisers Hyderabad",1/27,"Punjab Kings",NULL,NULL,"Royal Challengers Bengaluru"
"GJ Bailey",36,36,663,NULL,120.11,25.50,NULL,NULL,61,"Mumbai Indians",NULL,NULL,NULL,2,"Chennai Super Kings
Punjab Kings
Rising Pune Supergiant"
"GJ Maxwell",133,129,2772,37,150.49,25.67,8.33,35.43,95,"Sunrisers Hyderabad",2/15,"Royal Challengers Bengaluru",NULL,18,"Delhi Capitals
Mumbai Indians
Punjab Kings
Royal Challengers Bengaluru"
"GR Napier",1,1,15,1,93.75,15.00,7.00,28.00,15,"Kolkata Knight Riders",1/27,"Kolkata Knight Riders",NULL,NULL,"Mumbai Indians"
"GS Sandhu",2,NULL,NULL,1,NULL,NULL,10.75,86.00,NULL,NULL,1/33,"Chennai Super Kings",NULL,NULL,NULL
"Gulbadin Naib",2,1,19,NULL,126.67,19.00,12.00,NULL,19,"Rajasthan Royals",0/12,"Lucknow Super Giants",NULL,NULL,"Delhi Capitals"
"Gurkeerat Singh",32,32,511,5,117.20,21.29,7.46,19.40,65,"Sunrisers Hyderabad",2/15,"Rising Pune Supergiant",NULL,2,"Punjab Kings
Royal Challengers Bengaluru"
"Gurnoor Brar",1,NULL,NULL,NULL,NULL,NULL,14.00,NULL,NULL,NULL,0/42,"Lucknow Super Giants",NULL,NULL,NULL
"H Das",1,1,2,NULL,40.00,2.00,NULL,NULL,2,"Mumbai Indians",NULL,NULL,NULL,NULL,"Deccan Chargers"
"H Klaasen",32,32,993,NULL,161.99,38.19,NULL,NULL,104,"Royal Challengers Bengaluru",NULL,NULL,1,6,"Rajasthan Royals
Royal Challengers Bengaluru
Sunrisers Hyderabad"
"H Sharma",2,NULL,NULL,NULL,NULL,NULL,12.40,NULL,NULL,NULL,0/28,"Gujarat Titans",NULL,NULL,NULL
"Harbhajan Singh",163,88,833,150,130.97,16.33,7.20,27.34,64,"Punjab Kings",5/18,"Chennai Super Kings",NULL,1,"Chennai Super Kings
Kolkata Knight Riders
Mumbai Indians"
"Harmeet Singh",28,4,18,27,150.00,9.00,8.16,27.67,14,"Kolkata Knight Riders",3/24,"Pune Warriors",NULL,NULL,"Deccan Chargers
Punjab Kings"
"Harpreet Brar",39,24,233,25,115.92,21.18,8.01,36.28,29,"Gujarat Titans",4/30,"Delhi Capitals",NULL,NULL,"Punjab Kings"
"Harpreet Singh",8,8,123,NULL,103.36,20.50,NULL,NULL,41,"Mumbai Indians",NULL,NULL,NULL,NULL,"Pune Warriors
Punjab Kings"
"Harshit Rana",19,3,2,25,66.67,1.00,9.19,23.60,2,"Lucknow Super Giants",3/24,"Lucknow Super Giants",NULL,NULL,"Kolkata Knight Riders"
"HC Brook",11,11,190,NULL,119.50,21.11,NULL,NULL,100,"Kolkata Knight Riders",NULL,NULL,1,NULL,"Sunrisers Hyderabad"
"HE van der Dussen",3,3,22,NULL,88.00,11.00,NULL,NULL,12,"Delhi Capitals",NULL,NULL,NULL,NULL,"Rajasthan Royals"
"HF Gurney",8,1,1,7,20.00,NULL,8.85,34.14,1,"Chennai Super Kings",2/25,"Rajasthan Royals",NULL,NULL,"Kolkata Knight Riders"
"HH Gibbs",36,36,886,NULL,105.85,28.58,NULL,NULL,69,"Chennai Super Kings",NULL,NULL,NULL,6,"Deccan Chargers
Mumbai Indians"
"HH Pandya",134,131,2534,64,139.69,29.47,9.29,34.31,91,"Kolkata Knight Riders",3/17,"Rajasthan Royals",NULL,10,"Gujarat Titans
Mumbai Indians"
"HM Amla",16,16,577,NULL,138.04,44.38,NULL,NULL,104,"Mumbai Indians",NULL,NULL,2,3,"Punjab Kings"
"HR Shokeen",13,5,66,5,98.51,22.00,9.41,64.00,25,"Chennai Super Kings",2/34,"Kolkata Knight Riders",NULL,NULL,"Mumbai Indians"
"HV Patel",104,37,249,135,116.36,10.38,8.92,23.81,36,"Chennai Super Kings",5/27,"Mumbai Indians",NULL,NULL,"Delhi Capitals
Punjab Kings
Royal Challengers Bengaluru"
"I Malhotra",1,1,7,NULL,175.00,NULL,23.00,NULL,7,"Delhi Capitals",0/23,"Delhi Capitals",NULL,NULL,"Deccan Chargers"
"I Sharma",110,21,57,92,80.28,9.50,8.46,35.38,10,"Chennai Super Kings",5/12,"Kochi Tuskers Kerala",NULL,NULL,"Deccan Chargers
Delhi Capitals
Kolkata Knight Riders
Punjab Kings"
"I Udana",10,4,15,8,136.36,5.00,9.86,35.75,10,"Punjab Kings",2/41,"Rajasthan Royals",NULL,NULL,"Royal Challengers Bengaluru"
"IC Pandey",24,1,0,18,0.00,0.00,7.91,33.83,0,"Royal Challengers Bengaluru",2/23,"Delhi Capitals",NULL,NULL,"Pune Warriors"
"IC Porel",1,NULL,NULL,1,NULL,NULL,10.50,42.00,NULL,NULL,1/39,"Rajasthan Royals",NULL,NULL,NULL
"IK Pathan",102,83,1150,80,116.75,23.47,7.96,33.89,60,"Deccan Chargers",3/24,"Delhi Capitals",NULL,1,"Delhi Capitals
Gujarat Lions
Punjab Kings
Rising Pune Supergiant
Sunrisers Hyderabad"
"Imran Tahir",59,8,33,82,89.19,8.25,7.88,21.09,13,"Mumbai Indians",4/12,"Delhi Capitals",NULL,NULL,"Chennai Super Kings
Delhi Capitals
Rising Pune Supergiant"
"Iqbal Abdulla",48,13,88,40,102.33,88.00,7.34,28.13,33,"Gujarat Lions",3/24,"Deccan Chargers",NULL,NULL,"Kolkata Knight Riders
Royal Challengers Bengaluru"
"IR Jaggi",7,7,76,NULL,76.00,15.20,NULL,NULL,28,"Mumbai Indians",NULL,NULL,NULL,NULL,"Deccan Chargers
Kolkata Knight Riders"
"IS Sodhi",8,2,7,9,38.89,3.50,6.76,22.67,6,"Delhi Capitals",3/26,"Delhi Capitals",NULL,NULL,"Rajasthan Royals"
"Ishan Kishan",99,99,2644,NULL,132.80,29.05,NULL,NULL,99,"Royal Challengers Bengaluru",NULL,NULL,NULL,16,"Gujarat Lions
Mumbai Indians"
"J Arunkumar",3,3,23,NULL,95.83,7.67,NULL,NULL,22,"Kolkata Knight Riders",NULL,NULL,NULL,NULL,"Royal Challengers Bengaluru"
"J Botha",34,28,409,25,112.36,20.45,7.07,32.72,67,"Deccan Chargers",3/6,"Mumbai Indians",NULL,1,"Delhi Capitals
Kolkata Knight Riders
Rajasthan Royals"
"J Fraser-McGurk",9,9,330,NULL,220.00,41.25,NULL,NULL,84,"Mumbai Indians",NULL,NULL,NULL,4,"Delhi Capitals"
"J Little",11,NULL,NULL,11,NULL,NULL,8.97,31.00,NULL,NULL,4/45,"Royal Challengers Bengaluru",NULL,NULL,NULL
"J Suchith",21,9,70,19,112.90,17.50,8.63,31.79,34,"Punjab Kings",2/12,"Royal Challengers Bengaluru",NULL,NULL,"Delhi Capitals
Mumbai Indians
Sunrisers Hyderabad"
"J Syed Mohammad",11,5,29,8,107.41,14.50,8.94,35.75,13,"Delhi Capitals",2/15,"Chennai Super Kings",NULL,NULL,"Royal Challengers Bengaluru"
"J Theron",10,4,10,11,76.92,5.00,8.44,28.27,7,"Punjab Kings",4/26,"Chennai Super Kings",NULL,NULL,"Deccan Chargers
Punjab Kings
Rajasthan Royals"
"J Yadav",20,4,40,8,105.26,20.00,6.88,55.88,23,"Delhi Capitals",1/8,"Chennai Super Kings",NULL,NULL,"Delhi Capitals
Mumbai Indians"
"JA Morkel",90,68,975,85,136.94,25.66,8.39,28.34,73,"Chennai Super Kings",4/32,"Royal Challengers Bengaluru",NULL,3,"Chennai Super Kings
Delhi Capitals
Rising Pune Supergiant
Royal Challengers Bengaluru"
"JA Richardson",4,3,17,3,62.96,5.67,10.80,54.00,15,"Chennai Super Kings",2/41,"Delhi Capitals",NULL,NULL,"Delhi Capitals
Punjab Kings"
"Jalaj S Saxena",1,NULL,NULL,NULL,NULL,NULL,9.00,NULL,NULL,NULL,0/27,"Delhi Capitals",NULL,NULL,NULL
"Jaskaran Singh",7,4,8,6,72.73,8.00,10.24,29.00,4,"Kolkata Knight Riders",2/18,"Kolkata Knight Riders",NULL,NULL,"Deccan Chargers"
"JC Archer",40,23,199,48,150.76,15.31,7.67,25.21,27,"Chennai Super Kings",3/14,"Punjab Kings",NULL,NULL,"Mumbai Indians
Rajasthan Royals"
"JC Buttler",106,107,3583,NULL,142.24,38.95,NULL,NULL,124,"Sunrisers Hyderabad",NULL,NULL,7,19,"Mumbai Indians
Rajasthan Royals"
"JD Ryder",29,29,604,8,129.61,22.37,7.98,39.25,86,"Delhi Capitals",2/14,"Rajasthan Royals",NULL,4,"Pune Warriors
Royal Challengers Bengaluru"
"JD Unadkat",104,27,197,99,115.88,15.15,9.06,32.52,26,"Kolkata Knight Riders",5/25,"Delhi Capitals",NULL,NULL,"Delhi Capitals
Lucknow Super Giants
Mumbai Indians
Rajasthan Royals
Rising Pune Supergiant
Royal Challengers Bengaluru
Sunrisers Hyderabad"
"JDP Oram",15,11,106,9,96.36,13.25,9.16,40.22,41,"Deccan Chargers",3/32,"Kolkata Knight Riders",NULL,NULL,"Chennai Super Kings
Rajasthan Royals"
"JDS Neesham",14,10,92,8,98.92,11.50,9.50,42.75,22,"Chennai Super Kings",3/12,"Rajasthan Royals",NULL,NULL,"Delhi Capitals
Mumbai Indians
Punjab Kings
Rajasthan Royals"
"JE Root",2,1,10,NULL,66.67,10.00,7.50,NULL,10,"Royal Challengers Bengaluru",0/14,"Kolkata Knight Riders",NULL,NULL,"Rajasthan Royals"
"JE Taylor",5,2,3,6,75.00,NULL,8.56,27.83,2,"Chennai Super Kings",3/30,"Chennai Super Kings",NULL,NULL,"Pune Warriors"
"JEC Franklin",19,16,327,9,105.83,29.73,8.94,25.00,79,"Punjab Kings",2/18,"Deccan Chargers",NULL,1,"Mumbai Indians"
"JH Kallis",98,95,2427,65,105.94,29.24,8.09,36.12,89,"Punjab Kings",3/13,"Sunrisers Hyderabad",NULL,17,"Kolkata Knight Riders
Royal Challengers Bengaluru"
"JJ Bumrah",133,26,68,168,85.00,11.33,7.49,22.86,16,"Rising Pune Supergiant",5/10,"Kolkata Knight Riders",NULL,NULL,"Mumbai Indians"
"JJ Roy",21,21,614,NULL,133.48,32.32,NULL,NULL,91,"Mumbai Indians",NULL,NULL,NULL,4,"Delhi Capitals
Gujarat Lions
Kolkata Knight Riders
Sunrisers Hyderabad"
"JJ van der Wath",3,3,18,3,105.88,9.00,11.17,44.67,14,"Chennai Super Kings",2/49,"Chennai Super Kings",NULL,NULL,"Royal Challengers Bengaluru"
"JL Denly",1,1,0,NULL,0.00,0.00,NULL,NULL,0,"Delhi Capitals",NULL,NULL,NULL,NULL,"Kolkata Knight Riders"
"JL Pattinson",10,2,15,11,115.38,15.00,9.04,29.18,11,"Chennai Super Kings",2/19,"Rajasthan Royals",NULL,NULL,"Mumbai Indians"
"JM Bairstow",50,50,1589,NULL,140.37,35.31,NULL,NULL,114,"Royal Challengers Bengaluru",NULL,NULL,2,9,"Punjab Kings
Sunrisers Hyderabad"
"JM Kemp",5,2,26,3,104.00,13.00,7.91,19.33,22,"Deccan Chargers",3/12,"Kolkata Knight Riders",NULL,NULL,"Chennai Super Kings"
"JM Sharma",36,36,730,NULL,145.71,22.81,NULL,NULL,49,"Mumbai Indians",NULL,NULL,NULL,NULL,"Punjab Kings"
"JO Holder",46,27,259,53,119.35,12.33,8.98,28.09,47,"Punjab Kings",4/52,"Mumbai Indians",NULL,NULL,"Kolkata Knight Riders
Lucknow Super Giants
Rajasthan Royals
Sunrisers Hyderabad"
"Joginder Sharma",16,5,36,12,120.00,9.00,9.87,35.08,16,"Deccan Chargers",2/27,"Royal Challengers Bengaluru",NULL,NULL,"Chennai Super Kings"
"JP Behrendorff",17,2,6,19,66.67,NULL,9.23,29.63,3,"Gujarat Titans",3/23,"Delhi Capitals",NULL,NULL,"Mumbai Indians"
"JP Duminy",79,75,2029,23,120.77,42.27,7.50,36.83,78,"Mumbai Indians",4/17,"Sunrisers Hyderabad",NULL,14,"Deccan Chargers
Delhi Capitals
Mumbai Indians"
"JP Faulkner",60,46,527,61,129.80,20.27,8.96,30.31,46,"Punjab Kings",5/16,"Sunrisers Hyderabad",NULL,NULL,"Gujarat Lions
Punjab Kings
Rajasthan Royals"
"JPR Scantlebury-Searles",3,2,8,2,133.33,8.00,12.71,44.50,6,"Punjab Kings",1/24,"Sunrisers Hyderabad",NULL,NULL,"Kolkata Knight Riders"
"JR Hazlewood",27,6,19,35,65.52,NULL,8.26,23.71,7,"Chennai Super Kings",4/25,"Lucknow Super Giants",NULL,NULL,"Royal Challengers Bengaluru"
"JR Hopes",20,19,417,14,132.80,26.06,9.37,40.14,71,"Chennai Super Kings",2/2,"Delhi Capitals",NULL,4,"Delhi Capitals
Punjab Kings"
"JR Philippe",5,5,78,NULL,97.50,19.50,NULL,NULL,33,"Mumbai Indians",NULL,NULL,NULL,NULL,"Royal Challengers Bengaluru"
"JW Hastings",3,NULL,NULL,3,NULL,NULL,6.83,22.00,NULL,NULL,2/6,"Delhi Capitals",NULL,NULL,NULL
"K Goel",16,16,218,NULL,91.21,16.77,8.55,NULL,38,"Delhi Capitals",0/7,"Mumbai Indians",NULL,NULL,"Punjab Kings"
"K Gowtham",36,27,247,21,155.35,13.72,8.42,39.29,33,"Mumbai Indians",2/12,"Punjab Kings",NULL,NULL,"Lucknow Super Giants
Punjab Kings
Rajasthan Royals"
"K Kartikeya",12,2,9,10,69.23,4.50,8.56,33.40,6,"Gujarat Titans",2/22,"Chennai Super Kings",NULL,NULL,"Mumbai Indians"
"K Khejroliya",7,NULL,NULL,5,NULL,NULL,10.96,44.20,NULL,NULL,2/33,"Punjab Kings",NULL,NULL,NULL
"K Rabada",80,28,206,120,99.52,13.73,8.70,22.10,44,"Mumbai Indians",4/21,"Royal Challengers Bengaluru",NULL,NULL,"Delhi Capitals
Punjab Kings"
"K Santokie",2,NULL,NULL,3,NULL,NULL,11.38,30.33,NULL,NULL,2/50,"Rajasthan Royals",NULL,NULL,NULL
"K Upadhyay",3,2,12,NULL,133.33,NULL,9.00,NULL,11,"Royal Challengers Bengaluru",0/19,"Kolkata Knight Riders",NULL,NULL,"Pune Warriors"
"K Yadav",3,1,0,2,0.00,NULL,9.44,42.50,0,"Mumbai Indians",1/18,"Chennai Super Kings",NULL,NULL,"Rajasthan Royals"
"KA Jamieson",9,7,65,9,118.18,21.67,9.68,30.11,16,"Punjab Kings",3/41,"Kolkata Knight Riders",NULL,NULL,"Royal Challengers Bengaluru"
"KA Maharaj",2,1,1,2,50.00,1.00,6.50,19.50,1,"Punjab Kings",2/23,"Punjab Kings",NULL,NULL,"Rajasthan Royals"
"KA Pollard",179,172,3437,69,140.46,28.64,8.87,31.88,87,"Chennai Super Kings",4/44,"Rajasthan Royals",NULL,16,"Mumbai Indians"
"KAJ Roach",2,1,10,NULL,111.11,10.00,10.00,NULL,10,"Mumbai Indians",0/32,"Mumbai Indians",NULL,NULL,"Deccan Chargers"
"Kamran Akmal",6,6,128,NULL,164.10,32.00,NULL,NULL,53,"Chennai Super Kings",NULL,NULL,NULL,1,"Rajasthan Royals"
"Kamran Khan",9,1,3,10,60.00,3.00,8.96,24.80,3,"Royal Challengers Bengaluru",4/33,"Kolkata Knight Riders",NULL,NULL,"Rajasthan Royals"
"Karanveer Singh",9,4,12,12,70.59,12.00,9.50,26.92,5,"Rajasthan Royals",4/54,"Kolkata Knight Riders",NULL,NULL,"Punjab Kings"
"Kartik Tyagi",20,6,13,15,81.25,3.25,10.24,48.00,7,"Delhi Capitals",2/29,"Punjab Kings",NULL,NULL,"Rajasthan Royals
Sunrisers Hyderabad"
"KB Arun Karthik",8,8,51,NULL,96.23,10.20,NULL,NULL,19,"Mumbai Indians",NULL,NULL,NULL,NULL,"Chennai Super Kings
Royal Challengers Bengaluru"
"KC Cariappa",11,5,24,8,114.29,8.00,9.69,43.63,12,"Royal Challengers Bengaluru",2/16,"Royal Challengers Bengaluru",NULL,NULL,"Kolkata Knight Riders
Punjab Kings"
"KC Sangakkara",68,68,1687,NULL,118.47,25.95,NULL,NULL,94,"Mumbai Indians",NULL,NULL,NULL,10,"Deccan Chargers
Punjab Kings
Sunrisers Hyderabad"
"KD Karthik",233,235,4843,NULL,131.35,27.67,NULL,NULL,97,"Rajasthan Royals",NULL,NULL,NULL,22,"Delhi Capitals
Gujarat Lions
Kolkata Knight Riders
Mumbai Indians
Punjab Kings
Royal Challengers Bengaluru"
"KH Pandya",127,107,1647,76,127.97,23.20,7.48,34.79,86,"Delhi Capitals",3/11,"Gujarat Titans",NULL,1,"Lucknow Super Giants
Mumbai Indians"
"KJ Abbott",5,3,13,2,162.50,13.00,11.38,91.00,12,"Kolkata Knight Riders",1/38,"Rising Pune Supergiant",NULL,NULL,"Punjab Kings"
"KK Ahmed",57,5,1,74,14.29,0.20,9.02,25.92,1,"Mumbai Indians",3/21,"Punjab Kings",NULL,NULL,"Delhi Capitals
Sunrisers Hyderabad"
"KK Cooper",25,12,116,33,165.71,12.89,8.22,23.91,32,"Delhi Capitals",4/26,"Punjab Kings",NULL,NULL,"Rajasthan Royals"
"KK Nair",68,68,1496,NULL,125.50,24.52,NULL,NULL,83,"Sunrisers Hyderabad",NULL,NULL,NULL,10,"Delhi Capitals
Punjab Kings
Rajasthan Royals
Royal Challengers Bengaluru"
"KL Nagarkoti",12,7,22,5,64.71,5.50,9.57,57.40,8,"Rajasthan Royals",2/13,"Rajasthan Royals",NULL,NULL,"Kolkata Knight Riders"
"KL Rahul",122,124,4689,NULL,131.05,45.52,NULL,NULL,132,"Royal Challengers Bengaluru",NULL,NULL,4,37,"Lucknow Super Giants
Punjab Kings
Royal Challengers Bengaluru
Sunrisers Hyderabad"
"KM Asif",7,1,0,7,0.00,0.00,10.39,33.14,0,"Royal Challengers Bengaluru",2/42,"Royal Challengers Bengaluru",NULL,NULL,"Rajasthan Royals"
"KM Jadhav",81,81,1208,NULL,119.37,23.69,NULL,NULL,69,"Delhi Capitals",NULL,NULL,NULL,4,"Chennai Super Kings
Delhi Capitals
Kochi Tuskers Kerala
Royal Challengers Bengaluru
Sunrisers Hyderabad"
"KMA Paul",8,5,18,9,69.23,4.50,8.80,26.56,7,"Sunrisers Hyderabad",3/17,"Sunrisers Hyderabad",NULL,NULL,"Delhi Capitals"
"KMDN Kulasekara",5,1,5,5,166.67,NULL,7.18,24.40,5,"Punjab Kings",2/10,"Pune Warriors",NULL,NULL,"Chennai Super Kings"
"KP Appanna",13,3,2,9,50.00,2.00,8.08,32.33,1,"Deccan Chargers",4/19,"Rajasthan Royals",NULL,NULL,"Royal Challengers Bengaluru"
"KP Pietersen",36,36,1001,7,132.06,37.07,7.52,31.14,103,"Deccan Chargers",2/31,"Deccan Chargers",1,4,"Delhi Capitals
Rising Pune Supergiant
Royal Challengers Bengaluru"
"KR Mayers",13,13,379,NULL,137.32,29.15,8.43,NULL,73,"Delhi Capitals",0/4,"Punjab Kings",NULL,4,"Lucknow Super Giants"
"KR Sen",12,1,0,14,0.00,NULL,9.86,28.29,0,"Gujarat Titans",4/20,"Royal Challengers Bengaluru",NULL,NULL,"Rajasthan Royals"
"KS Bharat",8,8,199,NULL,118.45,28.43,NULL,NULL,78,"Delhi Capitals",NULL,NULL,NULL,1,"Delhi Capitals
Royal Challengers Bengaluru"
"KS Sharma",3,3,16,NULL,64.00,5.33,NULL,NULL,9,"Chennai Super Kings",NULL,NULL,NULL,NULL,"Lucknow Super Giants"
"KS Williamson",76,77,2132,NULL,122.95,36.76,10.33,NULL,89,"Delhi Capitals",0/7,"Kolkata Knight Riders",NULL,18,"Gujarat Titans
Sunrisers Hyderabad"
"KT Maphaka",2,NULL,NULL,1,NULL,NULL,15.00,90.00,NULL,NULL,1/23,"Rajasthan Royals",NULL,NULL,NULL
"Kuldeep Yadav",84,32,183,87,81.70,20.33,8.29,27.74,35,"Kolkata Knight Riders",4/14,"Kolkata Knight Riders",NULL,NULL,"Delhi Capitals
Kolkata Knight Riders"
"Kumar Kushagra",3,3,3,NULL,42.86,1.00,NULL,NULL,2,"Royal Challengers Bengaluru",NULL,NULL,NULL,NULL,"Delhi Capitals"
"KV Sharma",83,39,351,76,114.71,14.63,8.55,28.03,39,"Chennai Super Kings",4/16,"Kolkata Knight Riders",NULL,NULL,"Mumbai Indians
Royal Challengers Bengaluru
Sunrisers Hyderabad"
"KW Richardson",15,4,36,19,92.31,12.00,8.58,25.21,26,"Chennai Super Kings",3/13,"Rising Pune Supergiant",NULL,NULL,"Pune Warriors
Rajasthan Royals
Royal Challengers Bengaluru"
"L Ablish",3,1,0,3,0.00,NULL,10.86,25.33,0,"Royal Challengers Bengaluru",2/17,"Mumbai Indians",NULL,NULL,"Punjab Kings"
"L Balaji",73,13,36,76,72.00,5.14,8.27,27.41,15,"Deccan Chargers",5/24,"Punjab Kings",NULL,NULL,"Chennai Super Kings
Kolkata Knight Riders
Punjab Kings"
"L Ngidi",14,NULL,NULL,25,NULL,NULL,8.52,18.40,NULL,NULL,4/10,"Punjab Kings",NULL,NULL,NULL
"L Ronchi",5,5,34,NULL,91.89,11.33,NULL,NULL,13,"Deccan Chargers",NULL,NULL,NULL,NULL,"Mumbai Indians"
"L Wood",2,1,9,1,300.00,NULL,15.67,94.00,9,"Delhi Capitals",1/68,"Delhi Capitals",NULL,NULL,"Mumbai Indians"
"LA Carseldine",5,5,81,1,114.08,27.00,6.00,6.00,39,"Deccan Chargers",1/6,"Royal Challengers Bengaluru",NULL,NULL,"Rajasthan Royals"
"LA Pomersbach",16,16,302,NULL,120.32,30.20,NULL,NULL,79,"Mumbai Indians",NULL,NULL,NULL,1,"Punjab Kings
Royal Challengers Bengaluru"
"Lalit Yadav",25,21,305,10,101.33,20.33,8.96,43.00,48,"Mumbai Indians",2/11,"Punjab Kings",NULL,NULL,"Delhi Capitals"
"LB Williams",2,1,1,1,50.00,NULL,12.00,74.00,1,"Kolkata Knight Riders",1/37,"Kolkata Knight Riders",NULL,NULL,"Delhi Capitals"
"LE Plunkett",7,2,1,4,33.33,1.00,9.12,57.00,1,"Rajasthan Royals",3/17,"Punjab Kings",NULL,NULL,"Delhi Capitals"
"LH Ferguson",45,7,68,48,141.67,22.67,9.09,30.23,24,"Punjab Kings",5/17,"Sunrisers Hyderabad",NULL,NULL,"Gujarat Titans
Kolkata Knight Riders
Rising Pune Supergiant
Royal Challengers Bengaluru"
"LI Meriwala",1,NULL,NULL,1,NULL,NULL,10.67,32.00,NULL,NULL,1/32,"Punjab Kings",NULL,NULL,NULL
"Liton Das",1,1,4,NULL,100.00,4.00,NULL,NULL,4,"Delhi Capitals",NULL,NULL,NULL,NULL,"Kolkata Knight Riders"
"LJ Wright",7,5,106,2,168.25,26.50,10.56,62.50,44,"Delhi Capitals",1/12,"Chennai Super Kings",NULL,NULL,"Pune Warriors"
"LMP Simmons",29,29,1079,1,122.89,41.50,11.33,34.00,100,"Punjab Kings",1/34,"Kolkata Knight Riders",1,11,"Mumbai Indians"
"LPC Silva",3,3,40,NULL,148.15,20.00,21.00,NULL,23,"Punjab Kings",0/21,"Royal Challengers Bengaluru",NULL,NULL,"Deccan Chargers"
"LR Shukla",43,33,405,15,113.13,15.00,8.75,30.53,48,"Rajasthan Royals",3/6,"Delhi Capitals",NULL,NULL,"Delhi Capitals
Kolkata Knight Riders"
"LRPL Taylor",54,54,1017,NULL,120.07,26.76,12.00,NULL,81,"Kolkata Knight Riders",0/11,"Royal Challengers Bengaluru",NULL,3,"Delhi Capitals
Pune Warriors
Rajasthan Royals
Royal Challengers Bengaluru"
"LS Livingstone",39,39,939,11,154.19,29.34,9.19,35.91,94,"Delhi Capitals",3/27,"Delhi Capitals",NULL,6,"Punjab Kings
Rajasthan Royals"
"M Ashwin",44,12,35,35,70.00,4.38,8.15,33.77,9,"Sunrisers Hyderabad",3/21,"Royal Challengers Bengaluru",NULL,NULL,"Mumbai Indians
Punjab Kings
Rising Pune Supergiant
Royal Challengers Bengaluru"
"M de Lange",5,1,1,5,50.00,1.00,9.50,34.20,1,"Delhi Capitals",3/34,"Pune Warriors",NULL,NULL,"Mumbai Indians"
"M Jansen",21,12,66,20,92.96,9.43,9.74,36.60,17,"Mumbai Indians",3/25,"Royal Challengers Bengaluru",NULL,NULL,"Mumbai Indians
Sunrisers Hyderabad"
"M Kaif",22,22,259,NULL,100.39,16.19,NULL,NULL,34,"Kolkata Knight Riders",NULL,NULL,NULL,NULL,"Punjab Kings
Rajasthan Royals
Royal Challengers Bengaluru"
"M Kartik",55,14,113,31,103.67,18.83,7.40,45.74,21,"Chennai Super Kings",3/17,"Deccan Chargers",NULL,NULL,"Kolkata Knight Riders
Pune Warriors
Royal Challengers Bengaluru"
"M Klinger",4,4,73,NULL,93.59,18.25,NULL,NULL,29,"Kolkata Knight Riders",NULL,NULL,NULL,NULL,"Kochi Tuskers Kerala"
"M Manhas",38,38,514,NULL,105.76,22.35,6.00,NULL,42,"Mumbai Indians",0/9,"Royal Challengers Bengaluru",NULL,NULL,"Chennai Super Kings
Delhi Capitals
Pune Warriors"
"M Markande",37,10,48,37,109.09,16.00,9.01,29.22,18,"Gujarat Titans",4/15,"Punjab Kings",NULL,NULL,"Mumbai Indians
Sunrisers Hyderabad"
"M Morkel",70,20,126,77,135.48,12.60,7.87,27.74,23,"Mumbai Indians",4/20,"Punjab Kings",NULL,NULL,"Delhi Capitals
Kolkata Knight Riders
Rajasthan Royals"
"M Muralitharan",66,9,20,64,66.67,3.33,6.93,27.58,6,"Rajasthan Royals",4/26,"Punjab Kings",NULL,NULL,"Chennai Super Kings
Kochi Tuskers Kerala
Royal Challengers Bengaluru"
"M Ntini",9,2,11,7,57.89,11.00,7.34,36.71,11,"Rajasthan Royals",4/21,"Kolkata Knight Riders",NULL,NULL,"Chennai Super Kings"
"M Pathirana",20,NULL,NULL,34,NULL,NULL,8.21,18.15,NULL,NULL,4/28,"Mumbai Indians",NULL,NULL,NULL
"M Prasidh Krishna",51,7,9,50,37.50,4.50,9.07,34.82,4,"Gujarat Titans",4/30,"Sunrisers Hyderabad",NULL,NULL,"Kolkata Knight Riders
Rajasthan Royals"
"M Rawat",11,11,55,NULL,78.57,11.00,NULL,NULL,23,"Punjab Kings",NULL,NULL,NULL,NULL,"Pune Warriors
Rajasthan Royals"
"M Shahrukh Khan",37,37,553,NULL,133.90,22.12,8.00,NULL,58,"Royal Challengers Bengaluru",0/7,"Punjab Kings",NULL,1,"Gujarat Titans
Punjab Kings"
"M Siddharth",3,NULL,NULL,1,NULL,NULL,7.85,72.00,NULL,NULL,1/21,"Royal Challengers Bengaluru",NULL,NULL,NULL
"M Theekshana",27,2,7,25,100.00,7.00,7.83,32.56,7,"Royal Challengers Bengaluru",4/33,"Royal Challengers Bengaluru",NULL,NULL,"Chennai Super Kings"
"M Vijay",105,105,2619,NULL,118.61,28.16,8.17,NULL,127,"Rajasthan Royals",0/8,"Sunrisers Hyderabad",2,13,"Chennai Super Kings
Delhi Capitals
Punjab Kings"
"M Vohra",51,51,1083,NULL,125.49,23.04,NULL,NULL,95,"Sunrisers Hyderabad",NULL,NULL,NULL,3,"Lucknow Super Giants
Punjab Kings
Rajasthan Royals
Royal Challengers Bengaluru"
"MA Agarwal",121,122,2669,NULL,128.26,23.41,NULL,NULL,106,"Rajasthan Royals",NULL,NULL,1,13,"Delhi Capitals
Punjab Kings
Rising Pune Supergiant
Royal Challengers Bengaluru
Sunrisers Hyderabad"
"MA Khote",3,3,24,2,109.09,12.00,10.40,26.00,9,"Chennai Super Kings",2/29,"Chennai Super Kings",NULL,NULL,"Mumbai Indians"
"MA Starc",39,16,105,51,96.33,13.13,8.48,23.04,29,"Punjab Kings",4/15,"Punjab Kings",NULL,NULL,"Kolkata Knight Riders
Royal Challengers Bengaluru"
"MA Wood",5,3,12,11,120.00,6.00,9.60,17.45,10,"Chennai Super Kings",5/14,"Delhi Capitals",NULL,NULL,"Chennai Super Kings
Lucknow Super Giants"
"Mandeep Singh",97,97,1706,NULL,120.31,21.33,13.00,NULL,77,"Pune Warriors",0/8,"Rajasthan Royals",NULL,6,"Delhi Capitals
Kolkata Knight Riders
Punjab Kings
Royal Challengers Bengaluru"
"Mashrafe Mortaza",1,1,2,NULL,100.00,NULL,14.75,NULL,2,"Deccan Chargers",0/58,"Deccan Chargers",NULL,NULL,"Kolkata Knight Riders"
"Mayank Dagar",8,1,0,2,0.00,NULL,8.98,102.50,0,"Lucknow Super Giants",1/23,"Kolkata Knight Riders",NULL,NULL,"Royal Challengers Bengaluru"
"MB Parmar",1,NULL,NULL,NULL,NULL,NULL,11.00,NULL,NULL,NULL,0/33,"Deccan Chargers",NULL,NULL,NULL
"MC Henriques",62,54,1000,42,124.84,27.78,8.22,31.00,74,"Delhi Capitals",3/12,"Royal Challengers Bengaluru",NULL,5,"Delhi Capitals
Kolkata Knight Riders
Punjab Kings
Royal Challengers Bengaluru
Sunrisers Hyderabad"
"MC Juneja",7,7,125,NULL,93.28,17.86,NULL,NULL,49,"Mumbai Indians",NULL,NULL,NULL,NULL,"Delhi Capitals"
"MD Mishra",17,17,237,NULL,111.27,15.80,NULL,NULL,41,"Royal Challengers Bengaluru",NULL,NULL,NULL,NULL,"Deccan Chargers
Pune Warriors"
"MD Shanaka",3,3,26,NULL,100.00,13.00,NULL,NULL,17,"Chennai Super Kings",NULL,NULL,NULL,NULL,"Gujarat Titans"
"MDKJ Perera",2,2,14,NULL,107.69,7.00,NULL,NULL,14,"Delhi Capitals",NULL,NULL,NULL,NULL,"Rajasthan Royals"
"MEK Hussey",58,58,1977,NULL,119.96,40.35,NULL,NULL,116,"Punjab Kings",NULL,NULL,1,15,"Chennai Super Kings
Mumbai Indians"
"MF Maharoof",20,14,177,27,142.74,17.70,7.60,19.70,39,"Rajasthan Royals",3/34,"Rajasthan Royals",NULL,NULL,"Delhi Capitals"
"MG Bracewell",5,4,58,6,118.37,29.00,8.64,15.83,26,"Gujarat Titans",2/13,"Sunrisers Hyderabad",NULL,NULL,"Royal Challengers Bengaluru"
"MG Johnson",54,28,167,62,99.40,12.85,8.45,28.06,16,"Royal Challengers Bengaluru",3/26,"Rising Pune Supergiant",NULL,NULL,"Kolkata Knight Riders
Mumbai Indians
Punjab Kings"
"MG Neser",1,NULL,NULL,NULL,NULL,NULL,15.50,NULL,NULL,NULL,0/62,"Royal Challengers Bengaluru",NULL,NULL,NULL
Misbah-ul-Haq,8,8,117,NULL,142.68,16.71,NULL,NULL,47,"Delhi Capitals",NULL,NULL,NULL,NULL,"Royal Challengers Bengaluru"
"MJ Clarke",6,6,98,2,102.08,16.33,6.55,36.00,41,"Deccan Chargers",1/12,"Rajasthan Royals",NULL,NULL,"Pune Warriors"
"MJ Guptill",13,14,271,NULL,137.56,22.58,NULL,NULL,50,"Delhi Capitals",NULL,NULL,NULL,1,"Mumbai Indians
Punjab Kings
Sunrisers Hyderabad"
"MJ Henry",6,NULL,NULL,2,NULL,NULL,10.76,91.50,NULL,NULL,1/28,"Chennai Super Kings",NULL,NULL,NULL
"MJ Lumb",12,12,278,NULL,140.40,27.80,NULL,NULL,83,"Punjab Kings",NULL,NULL,NULL,1,"Deccan Chargers
Rajasthan Royals"
"MJ McClenaghan",56,20,85,71,116.44,7.73,8.66,25.90,20,"Kolkata Knight Riders",4/21,"Gujarat Lions",NULL,NULL,"Mumbai Indians"
"MJ Santner",18,11,70,15,90.91,11.67,7.02,28.53,22,"Mumbai Indians",2/13,"Mumbai Indians",NULL,NULL,"Chennai Super Kings"
"MJ Suthar",1,1,1,NULL,50.00,1.00,13.00,NULL,1,"Royal Challengers Bengaluru",0/26,"Royal Challengers Bengaluru",NULL,NULL,"Gujarat Titans"
"MK Lomror",37,35,527,1,135.48,18.17,8.47,127.00,54,"Delhi Capitals",1/22,"Sunrisers Hyderabad",NULL,1,"Rajasthan Royals
Royal Challengers Bengaluru"
"MK Pandey",158,160,3859,NULL,117.37,29.46,NULL,NULL,114,"Deccan Chargers",NULL,NULL,1,22,"Delhi Capitals
Kolkata Knight Riders
Lucknow Super Giants
Mumbai Indians
Pune Warriors
Royal Challengers Bengaluru
Sunrisers Hyderabad"
"MK Tiwary",85,83,1695,1,113.83,29.74,11.86,83.00,75,"Punjab Kings",1/11,"Mumbai Indians",NULL,7,"Delhi Capitals
Kolkata Knight Riders
Punjab Kings
Rising Pune Supergiant"
"ML Hayden",32,33,1107,NULL,131.94,39.54,NULL,NULL,93,"Delhi Capitals",NULL,NULL,NULL,8,"Chennai Super Kings"
"MM Ali",64,57,1162,35,136.87,23.71,7.12,25.71,93,"Rajasthan Royals",4/26,"Lucknow Super Giants",NULL,6,"Chennai Super Kings
Royal Challengers Bengaluru"
"MM Patel",63,12,39,74,95.12,7.80,7.67,23.42,23,"Delhi Capitals",5/21,"Punjab Kings",NULL,NULL,"Gujarat Lions
Mumbai Indians
Rajasthan Royals"
"MM Sharma",112,28,124,132,90.51,7.75,8.73,24.83,21,"Mumbai Indians",5/10,"Mumbai Indians",NULL,NULL,"Chennai Super Kings
Gujarat Titans
Punjab Kings"
"MN Samuels",15,14,161,9,92.53,14.64,7.99,31.67,46,"Punjab Kings",3/39,"Chennai Super Kings",NULL,NULL,"Delhi Capitals
Pune Warriors"
"MN van Wyk",5,5,167,NULL,123.70,55.67,NULL,NULL,74,"Delhi Capitals",NULL,NULL,NULL,1,"Kolkata Knight Riders"
"Mohammad Ashraful",1,1,2,NULL,16.67,2.00,NULL,NULL,2,"Delhi Capitals",NULL,NULL,NULL,NULL,"Mumbai Indians"
"Mohammad Asif",8,2,3,8,50.00,1.50,9.59,38.38,3,"Rajasthan Royals",2/19,"Deccan Chargers",NULL,NULL,"Delhi Capitals"
"Mohammad Hafeez",8,8,64,2,76.19,9.14,7.10,35.50,16,"Chennai Super Kings",1/8,"Deccan Chargers",NULL,NULL,"Kolkata Knight Riders"
"Mohammad Nabi",24,20,221,15,140.76,13.81,7.58,35.13,37,"Mumbai Indians",4/11,"Royal Challengers Bengaluru",NULL,NULL,"Mumbai Indians
Sunrisers Hyderabad"
"Mohammed Shami",110,23,74,127,90.24,5.69,8.59,27.45,21,"Royal Challengers Bengaluru",4/11,"Delhi Capitals",NULL,NULL,"Delhi Capitals
Gujarat Titans
Kolkata Knight Riders
Punjab Kings"
"Mohammed Siraj",93,20,109,93,89.34,12.11,8.87,31.12,14,"Chennai Super Kings",4/21,"Punjab Kings",NULL,NULL,"Royal Challengers Bengaluru"
"Mohit Rathee",1,1,1,NULL,50.00,NULL,14.50,NULL,1,"Sunrisers Hyderabad",0/29,"Sunrisers Hyderabad",NULL,NULL,"Punjab Kings"
"Mohsin Khan",23,5,25,27,92.59,12.50,8.62,25.85,13,"Punjab Kings",4/16,"Delhi Capitals",NULL,NULL,"Lucknow Super Giants"
"Monu Kumar",1,NULL,NULL,NULL,NULL,NULL,10.00,NULL,NULL,NULL,0/20,"Royal Challengers Bengaluru",NULL,NULL,NULL
"MP Stoinis",96,88,1866,43,136.60,28.71,9.71,30.23,124,"Chennai Super Kings",4/15,"Mumbai Indians",1,9,"Delhi Capitals
Lucknow Super Giants
Punjab Kings
Royal Challengers Bengaluru"
"MP Yadav",4,NULL,NULL,7,NULL,NULL,7.23,12.57,NULL,NULL,3/14,"Royal Challengers Bengaluru",NULL,NULL,NULL
"MR Marsh",42,36,665,37,125.00,21.45,8.60,21.70,89,"Rajasthan Royals",4/25,"Deccan Chargers",NULL,3,"Deccan Chargers
Delhi Capitals
Pune Warriors
Rising Pune Supergiant
Sunrisers Hyderabad"
"MS Bisla",39,39,798,NULL,108.28,22.17,NULL,NULL,92,"Chennai Super Kings",NULL,NULL,NULL,4,"Kolkata Knight Riders
Punjab Kings
Royal Challengers Bengaluru"
"MS Dhoni",228,228,5243,NULL,132.84,40.02,NULL,NULL,84,"Royal Challengers Bengaluru",NULL,NULL,NULL,24,"Chennai Super Kings
Rising Pune Supergiant"
"MS Gony",44,15,99,37,130.26,11.00,8.90,35.59,42,"Kolkata Knight Riders",3/31,"Royal Challengers Bengaluru",NULL,NULL,"Chennai Super Kings
Deccan Chargers
Punjab Kings"
"MS Wade",14,14,183,NULL,98.92,14.08,NULL,NULL,35,"Rajasthan Royals",NULL,NULL,NULL,NULL,"Delhi Capitals
Gujarat Titans"
"Mujeeb Ur Rahman",19,6,12,19,80.00,4.00,8.27,31.47,10,"Sunrisers Hyderabad",3/27,"Rajasthan Royals",NULL,NULL,"Punjab Kings
Sunrisers Hyderabad"
"Mukesh Choudhary",14,2,6,16,100.00,NULL,9.72,28.25,4,"Mumbai Indians",4/46,"Sunrisers Hyderabad",NULL,NULL,"Chennai Super Kings"
"Mukesh Kumar",20,5,10,24,50.00,10.00,10.63,29.46,6,"Punjab Kings",3/14,"Gujarat Titans",NULL,NULL,"Delhi Capitals"
"Mustafizur Rahman",57,6,13,61,56.52,13.00,8.28,29.38,8,"Mumbai Indians",4/29,"Royal Challengers Bengaluru",NULL,NULL,"Delhi Capitals
Mumbai Indians
Rajasthan Royals"
"MV Boucher",23,23,394,NULL,123.90,28.14,NULL,NULL,50,"Kolkata Knight Riders",NULL,NULL,NULL,1,"Kolkata Knight Riders
Royal Challengers Bengaluru"
"MW Short",6,6,117,NULL,118.18,19.50,6.25,NULL,36,"Gujarat Titans",0/7,"Mumbai Indians",NULL,NULL,"Punjab Kings"
"N Burger",5,NULL,NULL,7,NULL,NULL,8.94,21.71,NULL,NULL,2/29,"Delhi Capitals",NULL,NULL,NULL
"N Jagadeesan",10,10,162,NULL,104.52,18.00,NULL,NULL,39,"Gujarat Titans",NULL,NULL,NULL,NULL,"Chennai Super Kings
Kolkata Knight Riders"
"N Pooran",72,74,1769,NULL,154.77,32.16,NULL,NULL,77,"Sunrisers Hyderabad",NULL,NULL,NULL,9,"Lucknow Super Giants
Punjab Kings
Sunrisers Hyderabad"
"N Rana",103,101,2636,10,130.82,28.65,8.43,25.30,87,"Chennai Super Kings",2/11,"Royal Challengers Bengaluru",NULL,18,"Kolkata Knight Riders
Mumbai Indians"
"N Saini",10,10,140,NULL,97.90,14.00,NULL,NULL,50,"Royal Challengers Bengaluru",NULL,NULL,NULL,1,"Punjab Kings"
"N Thushara",7,NULL,NULL,8,NULL,NULL,9.96,32.38,NULL,NULL,3/28,"Lucknow Super Giants",NULL,NULL,NULL
"N Wadhera",16,16,350,NULL,134.10,23.33,6.50,NULL,64,"Chennai Super Kings",0/13,"Lucknow Super Giants",NULL,2,"Mumbai Indians"
"NA Saini",1,NULL,NULL,NULL,NULL,NULL,17.50,NULL,NULL,NULL,0/34,"Sunrisers Hyderabad",NULL,NULL,NULL
"Naman Dhir",7,7,140,NULL,166.67,23.33,11.79,NULL,62,"Lucknow Super Giants",0/13,"Gujarat Titans",NULL,1,"Mumbai Indians"
"Navdeep Saini",31,7,33,24,86.84,8.25,8.91,40.33,12,"Delhi Capitals",3/40,"Punjab Kings",NULL,NULL,"Rajasthan Royals
Royal Challengers Bengaluru"
Naveen-ul-Haq,17,4,18,25,69.23,18.00,9.31,24.08,13,"Royal Challengers Bengaluru",4/38,"Mumbai Indians",NULL,NULL,"Lucknow Super Giants"
"NB Singh",2,NULL,NULL,1,NULL,NULL,4.50,18.00,NULL,NULL,1/7,"Punjab Kings",NULL,NULL,NULL
"ND Doshi",4,1,0,2,0.00,0.00,8.46,39.50,0,"Kochi Tuskers Kerala",1/15,"Kochi Tuskers Kerala",NULL,NULL,"Rajasthan Royals"
"Nithish Kumar Reddy",13,11,303,3,137.10,33.67,11.45,69.33,76,"Rajasthan Royals",2/17,"Delhi Capitals",NULL,2,"Sunrisers Hyderabad"
"NJ Maddinson",3,3,20,NULL,95.24,6.67,NULL,NULL,12,"Mumbai Indians",NULL,NULL,NULL,NULL,"Royal Challengers Bengaluru"
"NJ Rimmington",1,1,1,NULL,100.00,NULL,6.67,NULL,1,"Pune Warriors",0/19,"Pune Warriors",NULL,NULL,"Punjab Kings"
"NK Patel",6,6,121,NULL,97.58,30.25,NULL,NULL,57,"Punjab Kings",NULL,NULL,NULL,1,"Rajasthan Royals"
"NL McCullum",2,2,26,NULL,113.04,26.00,7.00,NULL,15,"Chennai Super Kings",0/12,"Chennai Super Kings",NULL,NULL,"Pune Warriors"
"NLTC Perera",37,31,424,31,130.06,19.27,8.86,33.26,40,"Royal Challengers Bengaluru",3/20,"Pune Warriors",NULL,NULL,"Kochi Tuskers Kerala
Mumbai Indians
Punjab Kings
Rising Pune Supergiant
Sunrisers Hyderabad"
"NM Coulter-Nile",38,16,82,48,109.33,8.20,7.88,23.44,24,"Punjab Kings",4/14,"Rajasthan Royals",NULL,NULL,"Delhi Capitals
Kolkata Knight Riders
Mumbai Indians
Rajasthan Royals"
"Noor Ahmad",23,5,13,24,72.22,3.25,8.20,28.00,7,"Chennai Super Kings",3/37,"Mumbai Indians",NULL,NULL,"Gujarat Titans"
"NS Naik",4,4,31,NULL,58.49,7.75,NULL,NULL,22,"Sunrisers Hyderabad",NULL,NULL,NULL,NULL,"Kolkata Knight Riders
Punjab Kings"
"NT Ellis",16,5,19,18,73.08,4.75,8.71,28.56,12,"Sunrisers Hyderabad",4/30,"Rajasthan Royals",NULL,NULL,"Punjab Kings"
"NV Ojha",94,94,1554,NULL,114.26,21.58,NULL,NULL,94,"Chennai Super Kings",NULL,NULL,NULL,6,"Delhi Capitals
Rajasthan Royals
Sunrisers Hyderabad"
"O Thomas",4,NULL,NULL,5,NULL,NULL,8.50,17.00,NULL,NULL,2/6,"Royal Challengers Bengaluru",NULL,NULL,NULL
"OA Shah",22,22,506,NULL,124.94,42.17,NULL,NULL,76,"Mumbai Indians",NULL,NULL,NULL,4,"Kochi Tuskers Kerala
Kolkata Knight Riders
Rajasthan Royals"
"OC McCoy",8,1,8,11,160.00,NULL,9.44,23.18,8,"Gujarat Titans",3/23,"Royal Challengers Bengaluru",NULL,NULL,"Rajasthan Royals"
"OF Smith",6,6,51,6,102.00,17.00,11.93,29.83,25,"Royal Challengers Bengaluru",4/30,"Mumbai Indians",NULL,NULL,"Punjab Kings"
"P Amarnath",6,NULL,NULL,7,NULL,NULL,10.95,34.43,NULL,NULL,2/29,"Kolkata Knight Riders",NULL,NULL,NULL
"P Awana",33,5,5,39,35.71,2.50,8.40,26.82,4,"Delhi Capitals",4/34,"Royal Challengers Bengaluru",NULL,NULL,"Punjab Kings"
"P Chopra",1,1,8,NULL,133.33,8.00,NULL,NULL,8,"Chennai Super Kings",NULL,NULL,NULL,NULL,"Rajasthan Royals"
"P Dogra",12,12,127,NULL,90.07,15.88,NULL,NULL,41,"Mumbai Indians",NULL,NULL,NULL,NULL,"Kolkata Knight Riders
Punjab Kings
Rajasthan Royals"
"P Dubey",4,2,23,1,69.70,23.00,8.27,91.00,16,"Punjab Kings",1/19,"Punjab Kings",NULL,NULL,"Delhi Capitals"
"P Kumar",119,57,340,90,105.26,10.00,7.94,37.13,34,"Rajasthan Royals",3/18,"Rajasthan Royals",NULL,NULL,"Gujarat Lions
Mumbai Indians
Punjab Kings
Royal Challengers Bengaluru
Sunrisers Hyderabad"
"P Negi",46,35,365,34,121.26,16.59,7.99,28.06,36,"Mumbai Indians",4/18,"Rajasthan Royals",NULL,NULL,"Chennai Super Kings
Delhi Capitals
Royal Challengers Bengaluru"
"P Parameswaran",8,2,1,9,33.33,NULL,8.81,25.11,1,"Royal Challengers Bengaluru",3/30,"Delhi Capitals",NULL,NULL,"Kochi Tuskers Kerala
Royal Challengers Bengaluru"
"P Prasanth",1,NULL,NULL,NULL,NULL,NULL,18.00,NULL,NULL,NULL,0/18,"Rajasthan Royals",NULL,NULL,NULL
"P Ray Barman",1,1,19,NULL,76.00,19.00,14.00,NULL,19,"Sunrisers Hyderabad",0/56,"Sunrisers Hyderabad",NULL,NULL,"Royal Challengers Bengaluru"
"P Sahu",5,2,19,3,146.15,NULL,8.69,50.67,18,"Delhi Capitals",2/18,"Kolkata Knight Riders",NULL,NULL,"Punjab Kings"
"P Simran Singh",34,34,756,NULL,143.18,22.91,NULL,NULL,103,"Delhi Capitals",NULL,NULL,1,3,"Punjab Kings"
"P Suyal",5,NULL,NULL,2,NULL,NULL,9.63,77.00,NULL,NULL,1/21,"Chennai Super Kings",NULL,NULL,NULL
"PA Patel",136,136,2848,NULL,116.63,23.54,NULL,NULL,81,"Punjab Kings",NULL,NULL,NULL,13,"Chennai Super Kings
Deccan Chargers
Kochi Tuskers Kerala
Mumbai Indians
Royal Challengers Bengaluru
Sunrisers Hyderabad"
"PA Reddy",10,10,164,NULL,98.20,16.40,NULL,NULL,42,"Rajasthan Royals",NULL,NULL,NULL,NULL,"Deccan Chargers
Sunrisers Hyderabad"
"Pankaj Singh",17,5,7,11,58.33,3.50,9.44,42.91,4,"Deccan Chargers",2/18,"Royal Challengers Bengaluru",NULL,NULL,"Rajasthan Royals
Royal Challengers Bengaluru"
"Parvez Rasool",11,4,17,4,85.00,8.50,8.27,68.25,10,"Sunrisers Hyderabad",1/20,"Delhi Capitals",NULL,NULL,"Pune Warriors
Royal Challengers Bengaluru
Sunrisers Hyderabad"
"PBB Rajapaksa",13,13,277,NULL,137.81,23.08,NULL,NULL,50,"Kolkata Knight Riders",NULL,NULL,NULL,1,"Punjab Kings"
"PC Valthaty",23,23,505,7,116.90,22.95,8.23,29.57,120,"Chennai Super Kings",4/29,"Deccan Chargers",1,2,"Punjab Kings
Rajasthan Royals"
"PD Collingwood",7,7,203,5,127.67,50.75,6.81,20.20,75,"Royal Challengers Bengaluru",2/19,"Punjab Kings",NULL,3,"Delhi Capitals"
"PD Salt",21,21,653,NULL,169.61,34.37,NULL,NULL,89,"Lucknow Super Giants",NULL,NULL,NULL,6,"Delhi Capitals
Kolkata Knight Riders"
"PH Solanki",2,NULL,NULL,2,NULL,NULL,6.50,19.50,NULL,NULL,2/20,"Rajasthan Royals",NULL,NULL,NULL
"PJ Cummins",58,39,515,63,143.45,20.60,8.99,31.37,66,"Chennai Super Kings",4/34,"Rajasthan Royals",NULL,3,"Delhi Capitals
Kolkata Knight Riders
Sunrisers Hyderabad"
"PJ Sangwan",42,14,26,38,55.32,3.71,8.88,33.34,6,"Mumbai Indians",3/18,"Deccan Chargers",NULL,NULL,"Delhi Capitals
Gujarat Lions
Gujarat Titans
Kolkata Knight Riders
Mumbai Indians"
"PK Garg",19,19,273,NULL,110.53,15.17,NULL,NULL,51,"Chennai Super Kings",NULL,NULL,NULL,1,"Delhi Capitals
Sunrisers Hyderabad"
"PM Sarvesh Kumar",2,1,1,1,50.00,NULL,8.40,42.00,1,"Delhi Capitals",1/18,"Chennai Super Kings",NULL,NULL,"Deccan Chargers"
"PN Mankad",5,5,97,NULL,129.33,32.33,NULL,NULL,64,"Sunrisers Hyderabad",NULL,NULL,NULL,1,"Lucknow Super Giants
Punjab Kings"
"PP Chawla",192,86,624,192,107.59,11.77,8.07,26.97,24,"Rajasthan Royals",4/17,"Royal Challengers Bengaluru",NULL,NULL,"Kolkata Knight Riders
Mumbai Indians
Punjab Kings"
"PP Ojha",90,19,16,89,35.56,1.78,7.58,26.96,3,"Delhi Capitals",3/11,"Chennai Super Kings",NULL,NULL,"Deccan Chargers
Mumbai Indians"
"PP Shaw",79,79,1892,NULL,143.22,24.89,NULL,NULL,99,"Kolkata Knight Riders",NULL,NULL,NULL,14,"Delhi Capitals"
"PR Shah",9,9,92,NULL,94.85,11.50,NULL,NULL,29,"Deccan Chargers",NULL,NULL,NULL,NULL,"Mumbai Indians
Rajasthan Royals"
"PSP Handscomb",1,1,6,NULL,50.00,6.00,NULL,NULL,6,"Mumbai Indians",NULL,NULL,NULL,NULL,"Rising Pune Supergiant"
"PV Tambe",33,6,18,28,46.15,18.00,7.87,30.93,7,"Royal Challengers Bengaluru",4/20,"Royal Challengers Bengaluru",NULL,NULL,"Gujarat Lions
Rajasthan Royals"
"PVD Chameera",13,7,43,9,134.38,14.33,9.40,49.11,17,"Punjab Kings",2/17,"Punjab Kings",NULL,NULL,"Lucknow Super Giants"
"PWH de Silva",26,14,72,35,90.00,7.20,8.24,21.66,18,"Rajasthan Royals",5/18,"Sunrisers Hyderabad",NULL,NULL,"Royal Challengers Bengaluru"
"Q de Kock",107,108,3160,NULL,131.12,31.92,NULL,NULL,140,"Kolkata Knight Riders",NULL,NULL,2,23,"Delhi Capitals
Lucknow Super Giants
Mumbai Indians
Royal Challengers Bengaluru
Sunrisers Hyderabad"
"R Ashwin",208,89,800,180,114.61,14.04,7.21,30.19,50,"Delhi Capitals",4/34,"Punjab Kings",NULL,1,"Chennai Super Kings
Delhi Capitals
Punjab Kings
Rajasthan Royals
Rising Pune Supergiant"
"R Bhatia",94,47,342,71,117.93,11.79,7.55,29.00,26,"Delhi Capitals",4/15,"Deccan Chargers",NULL,NULL,"Delhi Capitals
Kolkata Knight Riders
Rajasthan Royals
Rising Pune Supergiant"
"R Bishnoi",3,3,19,NULL,111.76,6.33,NULL,NULL,18,"Punjab Kings",NULL,NULL,NULL,NULL,"Royal Challengers Bengaluru"
"R Dhawan",37,22,210,25,111.70,21.00,8.36,36.88,25,"Chennai Super Kings",2/14,"Royal Challengers Bengaluru",NULL,NULL,"Mumbai Indians
Punjab Kings"
"R Dravid",82,82,2174,NULL,113.35,28.99,NULL,NULL,75,"Rajasthan Royals",NULL,NULL,NULL,11,"Rajasthan Royals
Royal Challengers Bengaluru"
"R Goyal",1,NULL,NULL,NULL,NULL,NULL,8.50,NULL,NULL,NULL,0/33,"Chennai Super Kings",NULL,NULL,NULL
"R McLaren",18,13,159,12,89.33,19.88,9.46,46.50,51,"Pune Warriors",2/28,"Deccan Chargers",NULL,1,"Kolkata Knight Riders
Mumbai Indians
Punjab Kings"
"R Ninan",2,1,3,3,50.00,3.00,10.83,21.67,3,"Deccan Chargers",2/31,"Chennai Super Kings",NULL,NULL,"Royal Challengers Bengaluru"
"R Parag",61,58,1173,4,129.04,26.07,10.53,76.75,84,"Delhi Capitals",1/7,"Punjab Kings",NULL,6,"Rajasthan Royals"
"R Powell",22,22,360,1,141.73,18.95,11.67,35.00,67,"Sunrisers Hyderabad",1/18,"Rajasthan Royals",NULL,1,"Delhi Capitals
Rajasthan Royals"
"R Rampaul",12,7,51,16,98.08,10.20,7.14,19.94,23,"Mumbai Indians",3/31,"Chennai Super Kings",NULL,NULL,"Royal Challengers Bengaluru"
"R Ravindra",10,10,222,NULL,152.05,24.67,3.50,NULL,61,"Royal Challengers Bengaluru",0/3,"Sunrisers Hyderabad",NULL,1,"Chennai Super Kings"
"R Sai Kishore",10,1,13,13,216.67,13.00,8.35,19.92,13,"Delhi Capitals",4/33,"Punjab Kings",NULL,NULL,"Gujarat Titans"
"R Sanjay Yadav",1,1,0,NULL,0.00,0.00,11.50,NULL,0,"Sunrisers Hyderabad",0/23,"Sunrisers Hyderabad",NULL,NULL,"Mumbai Indians"
"R Sathish",27,24,270,3,114.41,16.88,10.06,77.67,27,"Royal Challengers Bengaluru",1/11,"Kolkata Knight Riders",NULL,NULL,"Kolkata Knight Riders
Mumbai Indians
Punjab Kings"
"R Sharma",44,19,66,40,85.71,6.00,7.11,27.50,14,"Delhi Capitals",3/13,"Rajasthan Royals",NULL,NULL,"Deccan Chargers
Pune Warriors"
"R Shepherd",10,9,115,4,169.12,23.00,12.38,65.00,39,"Delhi Capitals",2/42,"Lucknow Super Giants",NULL,NULL,"Lucknow Super Giants
Mumbai Indians
Sunrisers Hyderabad"
"R Shukla",7,4,19,5,82.61,19.00,10.85,43.40,14,"Rajasthan Royals",2/28,"Kolkata Knight Riders",NULL,NULL,"Delhi Capitals
Rajasthan Royals"
"R Tewatia",79,65,1013,32,128.55,25.33,7.95,34.91,53,"Punjab Kings",3/18,"Kolkata Knight Riders",NULL,1,"Delhi Capitals
Gujarat Titans
Punjab Kings
Rajasthan Royals"
"R Vinay Kumar",104,42,310,105,107.27,12.40,8.58,28.96,26,"Mumbai Indians",4/40,"Chennai Super Kings",NULL,NULL,"Kochi Tuskers Kerala
Kolkata Knight Riders
Mumbai Indians
Royal Challengers Bengaluru"
"RA Bawa",2,2,11,NULL,78.57,5.50,NULL,NULL,11,"Kolkata Knight Riders",NULL,NULL,NULL,NULL,"Punjab Kings"
"RA Jadeja",232,180,2959,160,124.43,27.92,7.70,30.73,62,"Royal Challengers Bengaluru",5/16,"Deccan Chargers",NULL,3,"Chennai Super Kings
Gujarat Lions
Kochi Tuskers Kerala
Rajasthan Royals"
"RA Shaikh",1,NULL,NULL,NULL,NULL,NULL,11.00,NULL,NULL,NULL,0/11,"Delhi Capitals",NULL,NULL,NULL
"RA Tripathi",93,93,2236,NULL,135.52,27.95,12.00,NULL,93,"Kolkata Knight Riders",0/12,"Kolkata Knight Riders",NULL,12,"Kolkata Knight Riders
Rajasthan Royals
Rising Pune Supergiant
Sunrisers Hyderabad"
"Rahmanullah Gurbaz",13,13,289,NULL,126.75,22.23,NULL,NULL,81,"Gujarat Titans",NULL,NULL,NULL,2,"Kolkata Knight Riders"
"Ramandeep Singh",14,13,170,6,160.38,28.33,9.60,10.67,35,"Sunrisers Hyderabad",3/20,"Sunrisers Hyderabad",NULL,NULL,"Kolkata Knight Riders
Mumbai Indians"
"Rashid Khan",121,58,545,149,153.52,14.73,6.98,22.42,79,"Mumbai Indians",4/24,"Lucknow Super Giants",NULL,1,"Gujarat Titans
Sunrisers Hyderabad"
"Rasikh Salam",11,6,40,9,100.00,8.00,10.49,37.89,10,"Royal Challengers Bengaluru",3/34,"Mumbai Indians",NULL,NULL,"Delhi Capitals
Kolkata Knight Riders
Mumbai Indians"
"Ravi Bishnoi",65,14,32,63,61.54,4.57,7.91,29.54,6,"Sunrisers Hyderabad",3/24,"Sunrisers Hyderabad",NULL,NULL,"Lucknow Super Giants
Punjab Kings"
"RD Chahar",77,22,129,75,101.57,8.60,7.81,28.87,25,"Delhi Capitals",4/27,"Kolkata Knight Riders",NULL,NULL,"Mumbai Indians
Punjab Kings
Rising Pune Supergiant"
"RD Gaikwad",65,65,2380,NULL,133.63,43.27,NULL,NULL,108,"Lucknow Super Giants",NULL,NULL,2,18,"Chennai Super Kings"
"RE Levi",6,6,83,NULL,112.16,13.83,NULL,NULL,50,"Chennai Super Kings",NULL,NULL,NULL,1,"Mumbai Indians"
"RE van der Merwe",21,15,159,21,110.42,14.45,6.98,24.52,35,"Punjab Kings",3/20,"Kochi Tuskers Kerala",NULL,NULL,"Delhi Capitals
Royal Challengers Bengaluru"
"RG More",2,1,2,1,100.00,NULL,10.80,63.00,2,"Kolkata Knight Riders",1/31,"Kolkata Knight Riders",NULL,NULL,"Chennai Super Kings"
"RG Sharma",251,252,6630,15,127.92,30.00,8.18,30.80,109,"Kolkata Knight Riders",4/6,"Mumbai Indians",2,43,"Deccan Chargers
Mumbai Indians"
"RJ Gleeson",2,1,2,1,100.00,NULL,9.19,72.00,2,"Punjab Kings",1/30,"Punjab Kings",NULL,NULL,"Chennai Super Kings"
"RJ Harris",37,21,117,45,104.46,9.75,7.82,24.11,17,"Royal Challengers Bengaluru",4/34,"Rajasthan Royals",NULL,NULL,"Deccan Chargers
Punjab Kings"
"RJ Peterson",5,5,32,3,100.00,10.67,8.75,23.33,16,"Punjab Kings",3/37,"Delhi Capitals",NULL,NULL,"Mumbai Indians"
"RJ Quiney",7,7,103,NULL,98.10,14.71,NULL,NULL,51,"Mumbai Indians",NULL,NULL,NULL,1,"Rajasthan Royals"
"RJW Topley",5,1,3,5,50.00,NULL,10.71,36.40,3,"Lucknow Super Giants",2/27,"Rajasthan Royals",NULL,NULL,"Royal Challengers Bengaluru"
"RK Bhui",4,4,10,NULL,37.04,2.50,NULL,NULL,7,"Delhi Capitals",NULL,NULL,NULL,NULL,"Delhi Capitals
Sunrisers Hyderabad"
"RK Singh",40,40,893,NULL,136.54,30.79,NULL,NULL,67,"Lucknow Super Giants",NULL,NULL,NULL,4,"Kolkata Knight Riders"
"RM Patidar",24,24,799,NULL,149.63,34.74,NULL,NULL,112,"Lucknow Super Giants",NULL,NULL,1,7,"Royal Challengers Bengaluru"
"RN ten Doeschate",23,21,326,2,136.97,23.29,7.23,47.00,70,"Mumbai Indians",1/7,"Sunrisers Hyderabad",NULL,1,"Kolkata Knight Riders"
"RP Meredith",18,2,0,19,0.00,NULL,9.60,32.68,0,"Gujarat Titans",2/24,"Rajasthan Royals",NULL,NULL,"Mumbai Indians"
"RP Singh",82,28,52,90,66.67,3.71,8.17,26.86,10,"Chennai Super Kings",4/22,"Kolkata Knight Riders",NULL,NULL,"Deccan Chargers
Kochi Tuskers Kerala
Mumbai Indians"
"RR Bhatkal",1,1,0,NULL,0.00,0.00,17.50,NULL,0,"Chennai Super Kings",0/35,"Chennai Super Kings",NULL,NULL,"Royal Challengers Bengaluru"
"RR Bose",1,NULL,NULL,NULL,NULL,NULL,12.00,NULL,NULL,NULL,0/24,"Royal Challengers Bengaluru",NULL,NULL,NULL
"RR Pant",110,113,3297,NULL,143.60,36.23,NULL,NULL,128,"Sunrisers Hyderabad",NULL,NULL,1,18,"Delhi Capitals"
"RR Powar",26,9,67,13,104.69,33.50,7.58,41.38,28,"Chennai Super Kings",2/11,"Deccan Chargers",NULL,NULL,"Kochi Tuskers Kerala
Punjab Kings"
"RR Raje",10,5,20,6,111.11,20.00,9.24,35.67,11,"Deccan Chargers",2/16,"Kolkata Knight Riders",NULL,NULL,"Mumbai Indians"
"RR Rossouw",22,22,473,NULL,147.35,23.65,NULL,NULL,82,"Punjab Kings",NULL,NULL,NULL,2,"Delhi Capitals
Punjab Kings
Royal Challengers Bengaluru"
"RR Sarwan",4,4,73,NULL,93.59,24.33,NULL,NULL,31,"Royal Challengers Bengaluru",NULL,NULL,NULL,NULL,"Punjab Kings"
"RS Bopara",24,22,531,11,113.46,31.24,8.77,27.36,84,"Royal Challengers Bengaluru",3/31,"Mumbai Indians",NULL,3,"Punjab Kings
Sunrisers Hyderabad"
"RS Gavaskar",2,1,2,NULL,25.00,2.00,8.00,NULL,2,"Chennai Super Kings",0/8,"Royal Challengers Bengaluru",NULL,NULL,"Kolkata Knight Riders"
"RS Hangargekar",2,NULL,NULL,3,NULL,NULL,10.00,20.00,NULL,NULL,3/36,"Gujarat Titans",NULL,NULL,NULL
"RS Sodhi",1,1,4,NULL,200.00,NULL,NULL,NULL,4,"Mumbai Indians",NULL,NULL,NULL,NULL,"Punjab Kings"
"RT Ponting",9,9,91,NULL,70.54,11.38,NULL,NULL,28,"Royal Challengers Bengaluru",NULL,NULL,NULL,NULL,"Kolkata Knight Riders
Mumbai Indians"
"RV Gomez",13,9,50,5,94.34,10.00,8.13,26.00,26,"Pune Warriors",2/14,"Kolkata Knight Riders",NULL,NULL,"Kochi Tuskers Kerala
Pune Warriors"
"RV Patel",7,7,80,NULL,105.26,20.00,7.33,NULL,23,"Gujarat Titans",0/22,"Royal Challengers Bengaluru",NULL,NULL,"Delhi Capitals"
"RV Uthappa",197,198,4954,NULL,126.15,28.31,NULL,NULL,88,"Royal Challengers Bengaluru",NULL,NULL,NULL,27,"Chennai Super Kings
Kolkata Knight Riders
Mumbai Indians
Pune Warriors
Rajasthan Royals
Royal Challengers Bengaluru"
"RW Price",1,NULL,NULL,NULL,NULL,NULL,11.00,NULL,NULL,NULL,0/33,"Kolkata Knight Riders",NULL,NULL,NULL
"S Anirudha",12,12,136,NULL,112.40,17.00,NULL,NULL,64,"Kolkata Knight Riders",NULL,NULL,NULL,1,"Chennai Super Kings
Sunrisers Hyderabad"
"S Aravind",38,10,59,45,100.00,19.67,8.34,23.49,14,"Rajasthan Royals",4/14,"Punjab Kings",NULL,NULL,"Royal Challengers Bengaluru"
"S Badree",12,5,13,11,52.00,2.60,7.65,29.91,8,"Punjab Kings",4/9,"Mumbai Indians",NULL,NULL,"Royal Challengers Bengaluru"
"S Badrinath",65,65,1441,NULL,115.74,31.33,NULL,NULL,71,"Mumbai Indians",NULL,NULL,NULL,11,"Chennai Super Kings"
"S Chanderpaul",3,3,25,NULL,75.76,8.33,NULL,NULL,16,"Mumbai Indians",NULL,NULL,NULL,NULL,"Royal Challengers Bengaluru"
"S Dhawan",221,222,6769,4,123.45,36.20,9.00,18.00,106,"Punjab Kings",1/7,"Delhi Capitals",2,51,"Deccan Chargers
Delhi Capitals
Mumbai Indians
Punjab Kings
Sunrisers Hyderabad"
"S Dube",62,61,1502,5,139.46,30.65,10.18,38.00,95,"Royal Challengers Bengaluru",2/15,"Sunrisers Hyderabad",NULL,9,"Chennai Super Kings
Rajasthan Royals
Royal Challengers Bengaluru"
"S Gopal",51,22,180,52,104.05,15.00,8.22,26.12,24,"Punjab Kings",4/16,"Royal Challengers Bengaluru",NULL,NULL,"Mumbai Indians
Rajasthan Royals
Sunrisers Hyderabad"
"S Joseph",1,NULL,NULL,NULL,NULL,NULL,12.75,NULL,NULL,NULL,0/47,"Kolkata Knight Riders",NULL,NULL,NULL
"S Kaul",55,9,20,58,55.56,6.67,8.79,30.55,7,"Kolkata Knight Riders",4/29,"Rising Pune Supergiant",NULL,NULL,"Delhi Capitals
Sunrisers Hyderabad"
"S Kaushik",10,1,0,6,0.00,0.00,8.94,50.67,0,"Royal Challengers Bengaluru",3/20,"Punjab Kings",NULL,NULL,"Gujarat Lions"
"S Ladda",9,2,0,5,0.00,0.00,9.78,45.00,0,"Deccan Chargers",2/44,"Mumbai Indians",NULL,NULL,"Delhi Capitals"
"S Lamichhane",9,1,0,13,0.00,0.00,8.49,22.85,0,"Punjab Kings",3/36,"Mumbai Indians",NULL,NULL,"Delhi Capitals"
"S Midhun",1,NULL,NULL,NULL,NULL,NULL,14.50,NULL,NULL,NULL,0/27,"Kolkata Knight Riders",NULL,NULL,NULL
"S Nadeem",71,20,39,48,44.32,2.79,7.63,37.50,6,"Kolkata Knight Riders",3/16,"Deccan Chargers",NULL,NULL,"Delhi Capitals
Sunrisers Hyderabad"
"S Narwal",7,4,37,5,127.59,12.33,11.49,40.60,23,"Delhi Capitals",3/36,"Delhi Capitals",NULL,NULL,"Kolkata Knight Riders
Rajasthan Royals"
"S Rana",8,8,91,NULL,110.98,22.75,6.75,NULL,19,"Kolkata Knight Riders",0/2,"Kolkata Knight Riders",NULL,NULL,"Pune Warriors
Royal Challengers Bengaluru"
"S Randiv",8,1,2,6,50.00,2.00,7.69,37.17,2,"Mumbai Indians",2/24,"Royal Challengers Bengaluru",NULL,NULL,"Chennai Super Kings"
"S Sandeep Warrier",10,NULL,NULL,8,NULL,NULL,9.18,32.13,NULL,NULL,3/15,"Delhi Capitals",NULL,NULL,NULL
"S Sohal",20,20,368,NULL,118.33,20.44,NULL,NULL,62,"Delhi Capitals",NULL,NULL,NULL,2,"Deccan Chargers
Punjab Kings"
"S Sreesanth",44,12,34,40,59.65,11.33,8.33,30.53,15,"Delhi Capitals",3/29,"Royal Challengers Bengaluru",NULL,NULL,"Kochi Tuskers Kerala
Punjab Kings
Rajasthan Royals"
"S Sriram",2,2,31,NULL,81.58,15.50,16.33,NULL,27,"Kolkata Knight Riders",0/24,"Kolkata Knight Riders",NULL,NULL,"Delhi Capitals
Royal Challengers Bengaluru"
"S Tyagi",14,1,3,6,75.00,NULL,8.73,50.67,3,"Deccan Chargers",2/18,"Delhi Capitals",NULL,NULL,"Chennai Super Kings"
"S Vidyut",8,8,145,1,126.09,18.13,11.00,22.00,54,"Delhi Capitals",1/22,"Rajasthan Royals",NULL,1,"Chennai Super Kings"
"SA Abbott",3,3,22,1,122.22,11.00,11.56,104.00,14,"Sunrisers Hyderabad",1/47,"Delhi Capitals",NULL,NULL,"Royal Challengers Bengaluru
Sunrisers Hyderabad"
"SA Asnodkar",19,19,423,NULL,120.17,23.50,NULL,NULL,60,"Kolkata Knight Riders",NULL,NULL,NULL,2,"Rajasthan Royals"
"SA Yadav",136,136,3594,NULL,142.51,32.97,8.00,NULL,103,"Gujarat Titans",0/8,"Delhi Capitals",2,24,"Kolkata Knight Riders
Mumbai Indians"
"Sachin Baby",13,11,144,2,117.07,16.00,4.80,4.00,33,"Punjab Kings",2/4,"Gujarat Lions",NULL,NULL,"Rajasthan Royals
Royal Challengers Bengaluru"
"Salman Butt",7,7,193,NULL,112.21,27.57,NULL,NULL,73,"Chennai Super Kings",NULL,NULL,NULL,1,"Kolkata Knight Riders"
"Sameer Rizvi",5,5,51,NULL,118.60,12.75,NULL,NULL,21,"Punjab Kings",NULL,NULL,NULL,NULL,"Chennai Super Kings"
"Sandeep Sharma",126,25,54,137,73.97,10.80,7.99,27.43,9,"Royal Challengers Bengaluru",5/18,"Mumbai Indians",NULL,NULL,"Punjab Kings
Rajasthan Royals
Sunrisers Hyderabad"
"Sanvir Singh",5,5,25,NULL,113.64,12.50,NULL,NULL,8,"Mumbai Indians",NULL,NULL,NULL,NULL,"Sunrisers Hyderabad"
"Saurav Chauhan",3,3,18,NULL,112.50,6.00,NULL,NULL,9,"Mumbai Indians",NULL,NULL,NULL,NULL,"Royal Challengers Bengaluru"
"SB Bangar",10,7,49,4,84.48,8.17,8.84,55.25,17,"Royal Challengers Bengaluru",2/34,"Mumbai Indians",NULL,NULL,"Deccan Chargers
Kolkata Knight Riders"
"SB Dubey",3,3,33,NULL,157.14,16.50,NULL,NULL,25,"Delhi Capitals",NULL,NULL,NULL,NULL,"Rajasthan Royals"
"SB Jakati",57,5,28,47,93.33,28.00,8.15,31.36,13,"Delhi Capitals",4/22,"Deccan Chargers",NULL,NULL,"Chennai Super Kings
Gujarat Lions"
"SB Joshi",4,2,6,1,37.50,3.00,8.95,82.00,3,"Rajasthan Royals",1/27,"Rajasthan Royals",NULL,NULL,"Royal Challengers Bengaluru"
"SB Styris",12,10,131,8,97.76,18.71,7.72,34.75,36,"Chennai Super Kings",3/32,"Royal Challengers Bengaluru",NULL,NULL,"Chennai Super Kings
Deccan Chargers"
"SB Wagh",8,2,2,5,66.67,1.00,8.65,29.40,2,"Mumbai Indians",3/16,"Punjab Kings",NULL,NULL,"Pune Warriors"
"SC Ganguly",57,56,1349,10,101.73,25.94,8.04,37.00,91,"Deccan Chargers",2/21,"Royal Challengers Bengaluru",NULL,7,"Kolkata Knight Riders
Pune Warriors"
"SC Kuggeleijn",2,NULL,NULL,2,NULL,NULL,8.88,35.50,NULL,NULL,2/37,"Punjab Kings",NULL,NULL,NULL
"SD Chitnis",9,8,99,2,107.61,14.14,10.33,31.00,38,"Delhi Capitals",2/40,"Punjab Kings",NULL,NULL,"Mumbai Indians
Punjab Kings
Rajasthan Royals"
"SD Hope",9,9,183,NULL,146.40,26.14,NULL,NULL,41,"Mumbai Indians",NULL,NULL,NULL,NULL,"Delhi Capitals"
"SD Lad",1,1,15,NULL,115.38,15.00,NULL,NULL,15,"Punjab Kings",NULL,NULL,NULL,NULL,"Mumbai Indians"
"SE Bond",8,1,1,9,50.00,1.00,7.26,25.00,1,"Chennai Super Kings",2/24,"Punjab Kings",NULL,NULL,"Kolkata Knight Riders"
"SE Marsh",69,70,2489,NULL,130.11,40.15,NULL,NULL,115,"Rajasthan Royals",NULL,NULL,1,20,"Punjab Kings"
"SE Rutherford",9,9,106,1,99.07,15.14,8.78,60.00,28,"Kolkata Knight Riders",1/6,"Royal Challengers Bengaluru",NULL,NULL,"Delhi Capitals
Royal Challengers Bengaluru"
"SH Johnson",5,3,6,4,85.71,NULL,9.69,38.75,5,"Chennai Super Kings",2/25,"Mumbai Indians",NULL,NULL,"Gujarat Titans"
"Shahbaz Ahmed",50,37,536,21,114.78,19.85,9.50,40.48,59,"Delhi Capitals",3/7,"Sunrisers Hyderabad",NULL,1,"Royal Challengers Bengaluru
Sunrisers Hyderabad"
"Shahid Afridi",10,9,81,9,176.09,10.13,7.90,26.33,33,"Delhi Capitals",3/28,"Rajasthan Royals",NULL,NULL,"Deccan Chargers"
"Shakib Al Hasan",71,53,795,63,119.55,20.38,7.54,29.59,66,"Gujarat Lions",3/17,"Rajasthan Royals",NULL,2,"Kolkata Knight Riders
Sunrisers Hyderabad"
"Shashank Singh",20,19,423,1,155.51,38.45,8.33,25.00,68,"Kolkata Knight Riders",1/5,"Sunrisers Hyderabad",NULL,2,"Punjab Kings
Sunrisers Hyderabad"
"Shivam Mavi",32,11,51,30,87.93,5.67,8.86,31.93,20,"Chennai Super Kings",4/21,"Rajasthan Royals",NULL,NULL,"Kolkata Knight Riders"
"Shivam Sharma",5,2,5,4,166.67,5.00,8.68,41.25,4,"Royal Challengers Bengaluru",2/26,"Royal Challengers Bengaluru",NULL,NULL,"Punjab Kings"
"Shivam Singh",1,1,2,NULL,66.67,NULL,NULL,NULL,2,"Sunrisers Hyderabad",NULL,NULL,NULL,NULL,"Punjab Kings"
"Shoaib Ahmed",7,3,1,5,16.67,0.50,9.06,30.80,1,"Chennai Super Kings",2/20,"Delhi Capitals",NULL,NULL,"Deccan Chargers"
"Shoaib Akhtar",3,1,2,5,25.00,2.00,7.71,10.80,2,"Mumbai Indians",4/11,"Delhi Capitals",NULL,NULL,"Kolkata Knight Riders"
"Shoaib Malik",6,5,52,2,106.12,13.00,10.24,43.50,24,"Mumbai Indians",1/6,"Mumbai Indians",NULL,NULL,"Delhi Capitals"
"Shubman Gill",99,99,3216,NULL,132.24,38.75,NULL,NULL,129,"Mumbai Indians",NULL,NULL,4,20,"Gujarat Titans
Kolkata Knight Riders"
"Sikandar Raza",9,9,182,3,127.27,26.00,10.31,48.67,57,"Lucknow Super Giants",1/18,"Lucknow Super Giants",NULL,1,"Punjab Kings"
"Simarjeet Singh",10,3,7,9,87.50,7.00,8.83,29.44,3,"Rajasthan Royals",3/26,"Rajasthan Royals",NULL,NULL,"Chennai Super Kings"
"SJ Srivastava",14,4,5,14,100.00,5.00,9.45,31.71,3,"Mumbai Indians",2/20,"Pune Warriors",NULL,NULL,"Punjab Kings"
"SK Raina",200,201,5536,25,132.54,34.17,7.53,45.56,100,"Punjab Kings",2/0,"Rajasthan Royals",1,39,"Chennai Super Kings
Gujarat Lions"
"SK Trivedi",76,14,42,65,68.85,6.00,7.75,29.91,9,"Deccan Chargers",4/25,"Royal Challengers Bengaluru",NULL,NULL,"Rajasthan Royals"
"SK Warne",55,27,198,57,90.41,11.65,7.36,25.70,34,"Punjab Kings",4/21,"Deccan Chargers",NULL,NULL,"Rajasthan Royals"
"SL Malinga",122,20,88,170,85.44,8.00,7.40,20.51,17,"Chennai Super Kings",5/13,"Delhi Capitals",NULL,NULL,"Mumbai Indians"
"SM Boland",2,NULL,NULL,2,NULL,NULL,8.00,28.00,NULL,NULL,2/31,"Delhi Capitals",NULL,NULL,NULL
"SM Curran",59,48,883,58,131.20,25.23,9.77,33.17,63,"Rajasthan Royals",4/11,"Delhi Capitals",NULL,5,"Chennai Super Kings
Punjab Kings"
"SM Harwood",3,2,9,3,64.29,NULL,7.40,24.67,6,"Chennai Super Kings",2/25,"Deccan Chargers",NULL,NULL,"Rajasthan Royals"
"SM Katich",11,11,241,NULL,126.18,26.78,NULL,NULL,75,"Delhi Capitals",NULL,NULL,NULL,2,"Punjab Kings"
"SM Pollock",13,8,147,11,126.72,18.38,6.67,27.91,33,"Delhi Capitals",3/12,"Kolkata Knight Riders",NULL,NULL,"Mumbai Indians"
"SMSM Senanayake",8,4,10,9,58.82,10.00,6.59,23.44,7,"Chennai Super Kings",2/26,"Rajasthan Royals",NULL,NULL,"Kolkata Knight Riders"
"SN Khan",36,36,585,NULL,128.29,22.50,18.00,NULL,67,"Chennai Super Kings",0/6,"Royal Challengers Bengaluru",NULL,1,"Delhi Capitals
Punjab Kings
Royal Challengers Bengaluru"
"SN Thakur",93,35,307,94,134.65,13.35,9.35,30.94,68,"Royal Challengers Bengaluru",4/36,"Punjab Kings",NULL,1,"Chennai Super Kings
Delhi Capitals
Kolkata Knight Riders
Punjab Kings
Rising Pune Supergiant"
"SO Hetmyer",65,65,1243,NULL,145.55,31.87,NULL,NULL,75,"Sunrisers Hyderabad",NULL,NULL,NULL,4,"Delhi Capitals
Rajasthan Royals
Royal Challengers Bengaluru"
"Sohail Tanvir",11,5,36,22,116.13,12.00,6.68,12.50,13,"Kolkata Knight Riders",6/14,"Chennai Super Kings",NULL,NULL,"Rajasthan Royals"
"SP Fleming",10,10,196,NULL,114.62,21.78,NULL,NULL,45,"Royal Challengers Bengaluru",NULL,NULL,NULL,NULL,"Chennai Super Kings"
"SP Goswami",21,21,293,NULL,95.44,15.42,NULL,NULL,52,"Delhi Capitals",NULL,NULL,NULL,1,"Kolkata Knight Riders
Rajasthan Royals
Royal Challengers Bengaluru
Sunrisers Hyderabad"
"SP Jackson",8,8,61,NULL,107.02,10.17,NULL,NULL,16,"Sunrisers Hyderabad",NULL,NULL,NULL,NULL,"Kolkata Knight Riders"
"SP Narine",176,106,1534,180,155.89,18.26,6.87,25.96,109,"Rajasthan Royals",5/19,"Punjab Kings",1,7,"Kolkata Knight Riders"
"SPD Smith",93,95,2495,NULL,124.81,35.64,15.00,NULL,101,"Gujarat Lions",0/5,"Rajasthan Royals",1,11,"Delhi Capitals
Pune Warriors
Rajasthan Royals
Rising Pune Supergiant"
"SR Tendulkar",78,78,2334,NULL,114.19,34.84,9.83,NULL,100,"Kochi Tuskers Kerala",0/7,"Punjab Kings",1,13,"Mumbai Indians"
"SR Watson",145,143,3880,92,134.16,31.29,8.11,29.80,117,"Sunrisers Hyderabad",4/29,"Gujarat Lions",4,21,"Chennai Super Kings
Rajasthan Royals
Royal Challengers Bengaluru"
"SS Agarwal",1,NULL,NULL,1,NULL,NULL,10.50,42.00,NULL,NULL,1/42,"Punjab Kings",NULL,NULL,NULL
"SS Cottrell",6,1,0,6,0.00,0.00,8.85,29.50,0,"Sunrisers Hyderabad",2/17,"Royal Challengers Bengaluru",NULL,NULL,"Punjab Kings"
"SS Iyer",114,115,3131,NULL,123.03,32.28,7.00,NULL,96,"Gujarat Lions",0/7,"Delhi Capitals",NULL,21,"Delhi Capitals
Kolkata Knight Riders"
"SS Mundhe",1,NULL,NULL,1,NULL,NULL,6.00,6.00,NULL,NULL,1/6,"Delhi Capitals",NULL,NULL,NULL
"SS Prabhudessai",10,10,126,NULL,111.50,14.00,NULL,NULL,34,"Chennai Super Kings",NULL,NULL,NULL,NULL,"Royal Challengers Bengaluru"
"SS Sarkar",2,NULL,NULL,1,NULL,NULL,8.16,34.00,NULL,NULL,1/15,"Rajasthan Royals",NULL,NULL,NULL
"SS Shaikh",1,1,6,NULL,85.71,NULL,NULL,NULL,6,"Rajasthan Royals",NULL,NULL,NULL,NULL,"Kolkata Knight Riders"
"SS Tiwary",73,73,1494,NULL,115.72,30.49,NULL,NULL,61,"Delhi Capitals",NULL,NULL,NULL,8,"Delhi Capitals
Mumbai Indians
Rising Pune Supergiant
Royal Challengers Bengaluru"
"SSB Magala",2,NULL,NULL,1,NULL,NULL,8.67,52.00,NULL,NULL,1/37,"Mumbai Indians",NULL,NULL,NULL
"ST Jayasuriya",30,30,768,13,134.03,27.43,8.08,30.46,114,"Chennai Super Kings",3/14,"Kolkata Knight Riders",1,4,"Mumbai Indians"
"STR Binny",86,66,880,22,125.71,20.47,7.71,34.68,48,"Sunrisers Hyderabad",2/14,"Mumbai Indians",NULL,NULL,"Mumbai Indians
Rajasthan Royals
Royal Challengers Bengaluru"
"Sumit Kumar",3,3,18,NULL,69.23,9.00,11.40,NULL,9,"Gujarat Titans",0/19,"Punjab Kings",NULL,NULL,"Delhi Capitals"
"Sunny Gupta",1,1,0,NULL,0.00,0.00,15.67,NULL,0,"Chennai Super Kings",0/47,"Chennai Super Kings",NULL,NULL,"Delhi Capitals"
"Sunny Singh",5,5,43,NULL,138.71,10.75,NULL,NULL,20,"Chennai Super Kings",NULL,NULL,NULL,NULL,"Punjab Kings"
"Suyash Sharma",13,NULL,NULL,10,NULL,NULL,8.86,38.10,NULL,NULL,3/30,"Royal Challengers Bengaluru",NULL,NULL,NULL
"SV Samson",162,162,4419,NULL,135.14,31.79,NULL,NULL,119,"Punjab Kings",NULL,NULL,3,25,"Delhi Capitals
Rajasthan Royals"
"SW Billings",27,27,503,NULL,126.07,19.35,NULL,NULL,56,"Kolkata Knight Riders",NULL,NULL,NULL,3,"Chennai Super Kings
Delhi Capitals
Kolkata Knight Riders"
"SW Tait",21,5,23,23,88.46,7.67,8.47,29.04,11,"Delhi Capitals",3/13,"Pune Warriors",NULL,NULL,"Rajasthan Royals"
"Swapnil Singh",14,9,51,7,110.87,10.20,8.93,34.43,15,"Gujarat Titans",2/28,"Punjab Kings",NULL,NULL,"Lucknow Super Giants
Punjab Kings
Royal Challengers Bengaluru"
"SZ Mulani",2,1,1,NULL,100.00,NULL,11.40,NULL,1,"Gujarat Titans",0/24,"Gujarat Titans",NULL,NULL,"Mumbai Indians"
"T Banton",2,2,18,NULL,81.82,9.00,NULL,NULL,10,"Royal Challengers Bengaluru",NULL,NULL,NULL,NULL,"Kolkata Knight Riders"
"T Henderson",2,2,11,1,68.75,11.00,6.83,41.00,11,"Royal Challengers Bengaluru",1/30,"Royal Challengers Bengaluru",NULL,NULL,"Rajasthan Royals"
"T Kohler-Cadmore",3,3,48,NULL,88.89,16.00,NULL,NULL,20,"Royal Challengers Bengaluru",NULL,NULL,NULL,NULL,"Rajasthan Royals"
"T Kohli",3,3,11,NULL,55.00,3.67,NULL,NULL,7,"Delhi Capitals",NULL,NULL,NULL,NULL,"Punjab Kings
Rajasthan Royals"
"T Natarajan",61,2,3,67,60.00,NULL,8.98,29.87,3,"Royal Challengers Bengaluru",4/19,"Delhi Capitals",NULL,NULL,"Sunrisers Hyderabad"
"T Shamsi",5,1,2,3,50.00,NULL,9.25,61.67,2,"Delhi Capitals",1/21,"Gujarat Lions",NULL,NULL,"Rajasthan Royals"
"T Stubbs",18,17,405,4,169.46,45.00,7.25,7.25,71,"Mumbai Indians",2/11,"Gujarat Titans",NULL,3,"Delhi Capitals
Mumbai Indians"
"T Taibu",3,3,31,NULL,119.23,10.33,NULL,NULL,15,"Royal Challengers Bengaluru",NULL,NULL,NULL,NULL,"Kolkata Knight Riders"
"T Thushara",6,4,12,8,63.16,6.00,7.29,20.50,8,"Deccan Chargers",2/16,"Mumbai Indians",NULL,NULL,"Chennai Super Kings"
"TA Boult",103,22,83,121,101.22,11.86,8.42,27.16,17,"Lucknow Super Giants",4/18,"Chennai Super Kings",NULL,NULL,"Delhi Capitals
Kolkata Knight Riders
Mumbai Indians
Rajasthan Royals"
"Tanush Kotian",1,1,24,NULL,75.00,24.00,NULL,NULL,24,"Punjab Kings",NULL,NULL,NULL,NULL,"Rajasthan Royals"
"TD Paine",2,2,10,NULL,34.48,5.00,NULL,NULL,8,"Royal Challengers Bengaluru",NULL,NULL,NULL,NULL,"Pune Warriors"
"Tejas Baroka",1,NULL,NULL,NULL,NULL,NULL,9.43,NULL,NULL,NULL,0/33,"Sunrisers Hyderabad",NULL,NULL,NULL
"TG Southee",54,19,120,47,111.11,10.91,8.83,37.74,36,"Chennai Super Kings",3/20,"Royal Challengers Bengaluru",NULL,NULL,"Kolkata Knight Riders
Mumbai Indians
Rajasthan Royals
Royal Challengers Bengaluru"
"TH David",35,35,659,NULL,158.03,29.95,NULL,NULL,46,"Sunrisers Hyderabad",NULL,NULL,NULL,NULL,"Mumbai Indians
Royal Challengers Bengaluru"
"Tilak Varma",38,38,1156,NULL,139.28,41.29,7.64,NULL,84,"Royal Challengers Bengaluru",0/6,"Kolkata Knight Riders",NULL,6,"Mumbai Indians"
"TK Curran",13,10,127,13,117.59,25.40,10.89,33.23,54,"Kolkata Knight Riders",3/29,"Chennai Super Kings",NULL,1,"Delhi Capitals
Kolkata Knight Riders
Rajasthan Royals"
"TL Seifert",3,3,26,NULL,100.00,8.67,NULL,NULL,21,"Mumbai Indians",NULL,NULL,NULL,NULL,"Delhi Capitals
Kolkata Knight Riders"
"TL Suman",40,39,676,6,115.16,22.53,7.92,33.00,78,"Royal Challengers Bengaluru",2/14,"Mumbai Indians",NULL,2,"Deccan Chargers
Mumbai Indians
Pune Warriors"
"TM Dilshan",50,50,1153,5,110.12,28.83,8.15,73.60,76,"Rajasthan Royals",1/3,"Royal Challengers Bengaluru",NULL,9,"Delhi Capitals
Royal Challengers Bengaluru"
"TM Head",25,25,772,2,168.56,38.60,11.69,56.50,102,"Royal Challengers Bengaluru",2/30,"Delhi Capitals",1,5,"Royal Challengers Bengaluru
Sunrisers Hyderabad"
"TM Srivastava",3,3,8,NULL,72.73,8.00,NULL,NULL,7,"Delhi Capitals",NULL,NULL,NULL,NULL,"Punjab Kings"
"TP Sudhindra",3,NULL,NULL,1,NULL,NULL,11.74,137.00,NULL,NULL,1/46,"Chennai Super Kings",NULL,NULL,NULL
"TR Birt",5,5,75,NULL,127.12,15.00,NULL,NULL,27,"Kochi Tuskers Kerala",NULL,NULL,NULL,NULL,"Delhi Capitals"
"TS Mills",10,5,8,11,57.14,2.00,10.02,31.73,6,"Sunrisers Hyderabad",3/35,"Rajasthan Royals",NULL,NULL,"Mumbai Indians
Royal Challengers Bengaluru"
"TU Deshpande",36,4,21,42,140.00,21.00,9.88,30.36,20,"Sunrisers Hyderabad",4/27,"Sunrisers Hyderabad",NULL,NULL,"Chennai Super Kings
Delhi Capitals"
"U Kaul",1,1,0,NULL,0.00,NULL,NULL,NULL,0,"Chennai Super Kings",NULL,NULL,NULL,NULL,"Punjab Kings"
"UA Birla",1,1,7,NULL,46.67,7.00,NULL,NULL,7,"Kolkata Knight Riders",NULL,NULL,NULL,NULL,"Pune Warriors"
"UBT Chand",20,20,300,NULL,95.54,15.00,NULL,NULL,58,"Royal Challengers Bengaluru",NULL,NULL,NULL,1,"Delhi Capitals
Mumbai Indians
Rajasthan Royals"
"Umar Gul",6,4,39,12,205.26,13.00,8.80,16.50,24,"Punjab Kings",4/23,"Punjab Kings",NULL,NULL,"Kolkata Knight Riders"
"Umran Malik",26,5,23,29,143.75,23.00,9.53,27.07,19,"Rajasthan Royals",5/25,"Gujarat Titans",NULL,NULL,"Sunrisers Hyderabad"
"UT Khawaja",6,6,127,NULL,120.95,25.40,NULL,NULL,30,"Delhi Capitals",NULL,NULL,NULL,NULL,"Rising Pune Supergiant"
"UT Yadav",147,48,208,144,98.58,10.40,8.72,30.85,24,"Rajasthan Royals",4/23,"Punjab Kings",NULL,NULL,"Delhi Capitals
Gujarat Titans
Kolkata Knight Riders
Royal Challengers Bengaluru"
"V Kaverappa",1,NULL,NULL,2,NULL,NULL,9.00,18.00,NULL,NULL,2/36,"Royal Challengers Bengaluru",NULL,NULL,NULL
"V Kohli",245,246,8014,4,128.51,39.09,8.87,92.75,113,"Punjab Kings",2/25,"Deccan Chargers",8,56,"Royal Challengers Bengaluru"
"V Pratap Singh",9,1,0,10,0.00,0.00,8.82,30.00,0,"Mumbai Indians",2/31,"Rajasthan Royals",NULL,NULL,"Deccan Chargers"
"V Sehwag",104,104,2728,6,148.83,28.72,10.41,39.33,122,"Chennai Super Kings",2/18,"Chennai Super Kings",2,16,"Delhi Capitals
Punjab Kings"
"V Shankar",64,58,1115,9,125.28,25.93,8.67,38.22,63,"Kolkata Knight Riders",2/19,"Mumbai Indians",NULL,6,"Delhi Capitals
Gujarat Titans
Sunrisers Hyderabad"
"V Viyaskanth",3,1,7,1,140.00,NULL,9.00,90.00,7,"Kolkata Knight Riders",1/37,"Punjab Kings",NULL,NULL,"Sunrisers Hyderabad"
"VG Arora",20,7,9,19,52.94,4.50,9.34,31.47,2,"Sunrisers Hyderabad",3/27,"Delhi Capitals",NULL,NULL,"Kolkata Knight Riders
Punjab Kings"
"VH Zol",2,2,29,NULL,111.54,14.50,NULL,NULL,16,"Rajasthan Royals",NULL,NULL,NULL,NULL,"Royal Challengers Bengaluru"
"Vijaykumar Vyshak",11,4,14,13,107.69,7.00,10.29,30.46,13,"Kolkata Knight Riders",3/20,"Delhi Capitals",NULL,NULL,"Royal Challengers Bengaluru"
"Virat Singh",2,2,15,NULL,57.69,7.50,NULL,NULL,11,"Mumbai Indians",NULL,NULL,NULL,NULL,"Sunrisers Hyderabad"
"Vishnu Vinod",6,6,56,NULL,96.55,9.33,NULL,NULL,30,"Gujarat Titans",NULL,NULL,NULL,NULL,"Mumbai Indians
Royal Challengers Bengaluru"
"Vivrant Sharma",2,1,69,NULL,140.82,69.00,12.33,NULL,69,"Mumbai Indians",0/18,"Rajasthan Royals",NULL,1,"Sunrisers Hyderabad"
"VR Aaron",50,12,50,44,68.49,12.50,9.22,34.70,17,"Punjab Kings",3/16,"Kolkata Knight Riders",NULL,NULL,"Delhi Capitals
Punjab Kings
Rajasthan Royals
Royal Challengers Bengaluru"
"VR Iyer",49,49,1326,3,132.60,31.57,10.74,48.33,104,"Mumbai Indians",2/29,"Delhi Capitals",1,11,"Kolkata Knight Riders"
"VRV Singh",18,2,4,12,133.33,4.00,9.15,45.75,4,"Mumbai Indians",3/29,"Delhi Capitals",NULL,NULL,"Punjab Kings"
"VS Malik",13,2,7,6,100.00,7.00,7.84,44.67,6,"Mumbai Indians",2/14,"Sunrisers Hyderabad",NULL,NULL,"Punjab Kings
Rajasthan Royals"
"VS Yeligati",2,1,2,NULL,100.00,2.00,12.20,NULL,2,"Punjab Kings",0/16,"Chennai Super Kings",NULL,NULL,"Mumbai Indians"
"VVS Laxman",20,20,282,NULL,104.06,17.63,NULL,NULL,52,"Royal Challengers Bengaluru",NULL,NULL,NULL,1,"Deccan Chargers
Kochi Tuskers Kerala"
"VY Mahesh",17,5,15,21,53.57,7.50,9.04,24.33,6,"Punjab Kings",4/36,"Mumbai Indians",NULL,NULL,"Delhi Capitals"
"W Jaffer",8,8,130,NULL,100.78,18.57,NULL,NULL,50,"Chennai Super Kings",NULL,NULL,NULL,1,"Royal Challengers Bengaluru"
"WA Mota",10,8,56,4,73.68,11.20,8.17,24.50,25,"Chennai Super Kings",1/6,"Delhi Capitals",NULL,NULL,"Punjab Kings"
"Washington Sundar",59,38,378,37,110.85,14.54,7.60,36.08,40,"Rajasthan Royals",3/16,"Mumbai Indians",NULL,NULL,"Rising Pune Supergiant
Royal Challengers Bengaluru
Sunrisers Hyderabad"
"WD Parnell",33,13,65,35,75.58,6.50,8.03,27.66,16,"Deccan Chargers",3/10,"Rajasthan Royals",NULL,NULL,"Delhi Capitals
Pune Warriors
Royal Challengers Bengaluru"
"WG Jacks",8,8,230,2,172.93,38.33,11.11,50.00,100,"Gujarat Titans",1/23,"Sunrisers Hyderabad",1,1,"Royal Challengers Bengaluru"
"WP Saha",143,143,2934,NULL,123.90,24.86,NULL,NULL,115,"Kolkata Knight Riders",NULL,NULL,1,13,"Chennai Super Kings
Gujarat Titans
Kolkata Knight Riders
Punjab Kings
Sunrisers Hyderabad"
"WPUJC Vaas",13,11,81,18,110.96,11.57,7.74,20.22,20,"Rajasthan Royals",3/21,"Chennai Super Kings",NULL,NULL,"Deccan Chargers"
"X Thalaivan Sargunam",1,1,10,NULL,58.82,10.00,NULL,NULL,10,"Chennai Super Kings",NULL,NULL,NULL,NULL,"Sunrisers Hyderabad"
"Y Gnaneswara Rao",2,1,19,NULL,105.56,19.00,7.00,NULL,19,"Chennai Super Kings",0/7,"Rajasthan Royals",NULL,NULL,"Kochi Tuskers Kerala"
"Y Nagar",20,20,285,4,105.17,20.36,11.36,31.25,44,"Chennai Super Kings",2/20,"Royal Challengers Bengaluru",NULL,NULL,"Delhi Capitals"
"Y Prithvi Raj",2,1,0,1,0.00,NULL,11.40,57.00,0,"Sunrisers Hyderabad",1/29,"Sunrisers Hyderabad",NULL,NULL,"Kolkata Knight Riders"
"Y Venugopal Rao",57,52,985,6,113.87,23.45,9.39,56.33,71,"Kolkata Knight Riders",2/23,"Rajasthan Royals",NULL,3,"Deccan Chargers
Delhi Capitals
Sunrisers Hyderabad"
"YA Abdulla",11,1,0,15,0.00,NULL,8.93,20.73,0,"Delhi Capitals",4/31,"Royal Challengers Bengaluru",NULL,NULL,"Punjab Kings"
"Yash Dayal",28,1,0,28,0.00,0.00,9.69,33.32,0,"Kolkata Knight Riders",3/20,"Delhi Capitals",NULL,NULL,"Gujarat Titans"
"Yash Thakur",19,NULL,NULL,24,NULL,NULL,10.43,29.25,NULL,NULL,5/30,"Gujarat Titans",NULL,NULL,NULL
"Yashpal Singh",4,4,47,NULL,70.15,11.75,NULL,NULL,20,"Rajasthan Royals",NULL,NULL,NULL,NULL,"Kolkata Knight Riders"
"YBK Jaiswal",52,52,1607,NULL,146.76,32.80,36.00,NULL,124,"Mumbai Indians",0/6,"Royal Challengers Bengaluru",2,9,"Rajasthan Royals"
"YK Pathan",161,154,3222,42,138.05,30.69,7.55,34.36,100,"Mumbai Indians",3/20,"Kochi Tuskers Kerala",1,14,"Kolkata Knight Riders
Rajasthan Royals
Sunrisers Hyderabad"
"Younis Khan",1,1,3,NULL,42.86,3.00,NULL,NULL,3,"Punjab Kings",NULL,NULL,NULL,NULL,"Rajasthan Royals"
"YS Chahal",159,17,37,205,41.57,6.17,7.98,22.83,8,"Chennai Super Kings",5/40,"Kolkata Knight Riders",NULL,NULL,"Rajasthan Royals
Royal Challengers Bengaluru"
"Yudhvir Singh",5,4,22,4,137.50,5.50,10.42,31.25,14,"Delhi Capitals",2/19,"Punjab Kings",NULL,NULL,"Lucknow Super Giants"
"Yuvraj Singh",129,127,2754,36,124.78,25.74,7.53,30.31,83,"Rajasthan Royals",4/29,"Delhi Capitals",NULL,13,"Delhi Capitals
Mumbai Indians
Pune Warriors
Punjab Kings
Royal Challengers Bengaluru
Sunrisers Hyderabad"
"YV Dhull",3,3,16,NULL,69.57,5.33,NULL,NULL,13,"Chennai Super Kings",NULL,NULL,NULL,NULL,"Delhi Capitals"
"YV Takawale",10,10,192,NULL,104.92,24.00,NULL,NULL,45,"Kolkata Knight Riders",NULL,NULL,NULL,NULL,"Mumbai Indians
Royal Challengers Bengaluru"
"Z Khan",99,27,117,102,82.98,8.36,7.80,28.04,23,"Royal Challengers Bengaluru",4/17,"Chennai Super Kings",NULL,NULL,"Delhi Capitals
Mumbai Indians
Royal Challengers Bengaluru"
